PPG GREEN,time
2176291.0,1588332962.59
2176178.0,1588332962.628
2169771.0,1588332962.709
2173139.0,1588332962.67
2164170.0,1588332962.79
2162148.0,1588332962.829
2160860.0,1588332962.87
2159885.0,1588332962.911
2166751.0,1588332962.749
2158192.0,1588332962.988
2159126.0,1588332962.95
2157122.0,1588332963.07
2157474.0,1588332963.03
2157306.0,1588332963.151
2157104.0,1588332963.109
2157959.0,1588332963.23
2157442.0,1588332963.19
2158425.0,1588332963.272
2159149.0,1588332963.31
2160050.0,1588332963.349
2160617.0,1588332963.39
2161354.0,1588332963.429
2159386.0,1588332963.47
2155413.0,1588332963.511
2151622.0,1588332963.55
2148239.0,1588332963.59
2145478.0,1588332963.631
2143173.0,1588332963.671
2140543.0,1588332963.75
2141667.0,1588332963.709
2138809.0,1588332963.83
2139661.0,1588332963.789
2137701.0,1588332963.91
2138079.0,1588332963.872
2137760.0,1588332963.992
2137526.0,1588332963.95
2138486.0,1588332964.072
2138170.0,1588332964.031
2139204.0,1588332964.11
2139931.0,1588332964.149
2141028.0,1588332964.19
2143411.0,1588332964.231
2145296.0,1588332964.271
2145052.0,1588332964.31
2145259.0,1588332964.352
2146371.0,1588332964.391
2148200.0,1588332964.431
2149752.0,1588332964.471
2152092.0,1588332964.51
2154355.0,1588332964.55
2155955.0,1588332964.591
2157580.0,1588332964.63
2159626.0,1588332964.671
2166750.0,1588332964.791
2163924.0,1588332964.751
2161791.0,1588332964.712
2171163.0,1588332964.831
2174982.0,1588332964.871
2178749.0,1588332964.91
2183932.0,1588332964.991
2186464.0,1588332965.031
2189964.0,1588332965.112
2188297.0,1588332965.191
2190185.0,1588332965.152
2181315.0,1588332964.951
2188874.0,1588332965.073
2179286.0,1588332965.271
2184010.0,1588332965.23
2172136.0,1588332965.351
2169283.0,1588332965.391
2167265.0,1588332965.432
2175363.0,1588332965.312
2165337.0,1588332965.512
2163518.0,1588332965.59
2165982.0,1588332965.472
2164373.0,1588332965.551
2162870.0,1588332965.631
2162779.0,1588332965.673
2163161.0,1588332965.751
2162871.0,1588332965.711
2163695.0,1588332965.832
2164180.0,1588332965.873
2164937.0,1588332965.911
2163543.0,1588332965.793
2166621.0,1588332965.991
2165573.0,1588332965.951
2168427.0,1588332966.072
2162491.0,1588332966.153
2167463.0,1588332966.032
2166603.0,1588332966.112
2154886.0,1588332966.232
2151914.0,1588332966.272
2158223.0,1588332966.192
2149606.0,1588332966.311
2148285.0,1588332966.351
2146800.0,1588332966.432
2147818.0,1588332966.392
2145298.0,1588332966.513
2145817.0,1588332966.473
2145521.0,1588332966.552
2146382.0,1588332966.593
2146749.0,1588332966.632
2147693.0,1588332966.672
2148630.0,1588332966.711
2150110.0,1588332966.753
2151786.0,1588332966.792
2153464.0,1588332966.832
2155535.0,1588332966.874
2157634.0,1588332966.913
2158859.0,1588332966.953
2157935.0,1588332966.994
2154671.0,1588332967.031
2151753.0,1588332967.072
2149525.0,1588332967.113
2147656.0,1588332967.152
2146439.0,1588332967.192
2146481.0,1588332967.234
2145944.0,1588332967.273
2145488.0,1588332967.313
2145000.0,1588332967.391
2144914.0,1588332967.432
2145247.0,1588332967.354
2145029.0,1588332967.474
2145411.0,1588332967.512
2146512.0,1588332967.552
2147764.0,1588332967.594
2150945.0,1588332967.674
2149667.0,1588332967.633
2153313.0,1588332967.754
2151790.0,1588332967.714
2154794.0,1588332967.833
2154755.0,1588332967.792
2149851.0,1588332967.912
2147401.0,1588332967.954
2152334.0,1588332967.873
2145364.0,1588332967.993
2143617.0,1588332968.033
2143235.0,1588332968.075
2143284.0,1588332968.114
2145097.0,1588332968.193
2143782.0,1588332968.152
2148245.0,1588332968.273
2146461.0,1588332968.232
2149877.0,1588332968.314
2153411.0,1588332968.393
2156389.0,1588332968.474
2159494.0,1588332968.554
2160898.0,1588332968.593
2162285.0,1588332968.633
2161377.0,1588332968.675
2158683.0,1588332968.714
2156394.0,1588332968.754
2154305.0,1588332968.792
2152852.0,1588332968.832
2158058.0,1588332968.513
2151780.0,1588332968.353
2154830.0,1588332968.434
2152056.0,1588332968.913
2152679.0,1588332968.993
2153505.0,1588332969.074
2152047.0,1588332968.873
2154383.0,1588332969.114
2155531.0,1588332969.155
2152993.0,1588332969.034
2152252.0,1588332968.953
2156529.0,1588332969.194
2157753.0,1588332969.234
2160464.0,1588332969.313
2163445.0,1588332969.396
2160869.0,1588332969.475
2158634.0,1588332969.515
2162030.0,1588332969.353
2159010.0,1588332969.274
2162952.0,1588332969.434
2157363.0,1588332969.554
2156740.0,1588332969.595
2156704.0,1588332969.674
2156360.0,1588332969.634
2158044.0,1588332969.755
2157340.0,1588332969.713
2159125.0,1588332969.834
2160349.0,1588332969.876
2161363.0,1588332969.915
2162658.0,1588332969.955
2163966.0,1588332969.996
2165430.0,1588332970.033
2166929.0,1588332970.074
2167958.0,1588332970.115
2166781.0,1588332970.154
2164044.0,1588332970.194
2161908.0,1588332970.236
2160389.0,1588332970.276
2159446.0,1588332970.315
2158993.0,1588332970.356
2159413.0,1588332970.393
2159847.0,1588332970.434
2161214.0,1588332970.514
2161917.0,1588332970.554
2163051.0,1588332970.596
2164236.0,1588332970.635
2165667.0,1588332970.676
2166882.0,1588332970.717
2168408.0,1588332970.754
2160556.0,1588332970.476
2158250.0,1588332969.794
2169860.0,1588332970.794
2171452.0,1588332970.835
2171365.0,1588332970.875
2169024.0,1588332970.915
2166849.0,1588332970.956
2164835.0,1588332970.995
2163321.0,1588332971.035
2162337.0,1588332971.077
2161755.0,1588332971.114
2162153.0,1588332971.154
2162576.0,1588332971.195
2163702.0,1588332971.276
2165668.0,1588332971.355
2166776.0,1588332971.396
2167968.0,1588332971.437
2169488.0,1588332971.475
2170878.0,1588332971.514
2172568.0,1588332971.556
2174206.0,1588332971.595
2175951.0,1588332971.635
2177341.0,1588332971.677
2178491.0,1588332971.716
2164672.0,1588332971.316
2177123.0,1588332971.756
2175011.0,1588332971.797
2173007.0,1588332971.836
2171817.0,1588332971.875
2170884.0,1588332971.916
2170454.0,1588332971.955
2170675.0,1588332971.995
2163223.0,1588332971.235
2171812.0,1588332972.076
2172413.0,1588332972.116
2171301.0,1588332972.036
2174332.0,1588332972.197
2176742.0,1588332972.277
2173172.0,1588332972.157
2177950.0,1588332972.315
2175475.0,1588332972.235
2181099.0,1588332972.397
2184000.0,1588332972.477
2185374.0,1588332972.518
2179397.0,1588332972.355
2182416.0,1588332972.436
2187664.0,1588332972.595
2184601.0,1588332972.676
2183325.0,1588332972.716
2186004.0,1588332972.636
2187126.0,1588332972.557
2182735.0,1588332972.796
2183011.0,1588332972.836
2182707.0,1588332972.757
2183760.0,1588332972.878
2185041.0,1588332972.957
2186686.0,1588332973.035
2184647.0,1588332972.917
2185733.0,1588332972.996
2187543.0,1588332973.076
2190057.0,1588332973.156
2188714.0,1588332973.117
2191376.0,1588332973.197
2193855.0,1588332973.278
2196884.0,1588332973.357
2198057.0,1588332973.396
2192555.0,1588332973.238
2197472.0,1588332973.436
2195444.0,1588332973.317
2195378.0,1588332973.478
2192225.0,1588332973.557
2191492.0,1588332973.598
2191379.0,1588332973.678
2191796.0,1588332973.717
2192137.0,1588332973.756
2192701.0,1588332973.796
2193068.0,1588332973.837
2194031.0,1588332973.877
2198000.0,1588332974.038
2196912.0,1588332973.997
2199104.0,1588332974.08
2195615.0,1588332973.958
2193515.0,1588332973.516
2194651.0,1588332973.917
2191085.0,1588332973.637
2200250.0,1588332974.116
2202977.0,1588332974.198
2204072.0,1588332974.237
2203351.0,1588332974.278
2201017.0,1588332974.318
2201666.0,1588332974.156
2198899.0,1588332974.358
2197027.0,1588332974.398
2195610.0,1588332974.439
2194525.0,1588332974.477
2194271.0,1588332974.517
2194289.0,1588332974.558
2194301.0,1588332974.597
2194273.0,1588332974.637
2194761.0,1588332974.679
2195094.0,1588332974.718
2195765.0,1588332974.758
2196526.0,1588332974.799
2197396.0,1588332974.838
2198358.0,1588332974.877
2199286.0,1588332974.918
2200407.0,1588332974.957
2201579.0,1588332974.997
2202583.0,1588332975.039
2203756.0,1588332975.078
2204985.0,1588332975.118
2204711.0,1588332975.159
2202325.0,1588332975.199
2199626.0,1588332975.237
2197437.0,1588332975.279
2195514.0,1588332975.317
2194381.0,1588332975.358
2193818.0,1588332975.399
2193749.0,1588332975.438
2193754.0,1588332975.479
2193651.0,1588332975.52
2194113.0,1588332975.559
2195010.0,1588332975.638
2196629.0,1588332975.718
2194335.0,1588332975.597
2195845.0,1588332975.678
2198841.0,1588332975.798
2197667.0,1588332975.759
2199940.0,1588332975.839
2202456.0,1588332975.919
2203751.0,1588332975.959
2205154.0,1588332975.998
2206721.0,1588332976.037
2201149.0,1588332975.881
2206575.0,1588332976.119
2204354.0,1588332976.158
2207811.0,1588332976.078
2200437.0,1588332976.24
2198503.0,1588332976.319
2198111.0,1588332976.359
2198315.0,1588332976.398
2198353.0,1588332976.438
2199216.0,1588332976.28
2202062.0,1588332976.199
2198333.0,1588332976.48
2198761.0,1588332976.518
2199053.0,1588332976.559
2199814.0,1588332976.6
2200655.0,1588332976.639
2201552.0,1588332976.68
2203719.0,1588332976.758
2205053.0,1588332976.798
2207316.0,1588332976.879
2205988.0,1588332976.839
2208535.0,1588332976.919
2209795.0,1588332976.96
2211093.0,1588332976.999
2210922.0,1588332977.04
2208173.0,1588332977.08
2206061.0,1588332977.118
2204426.0,1588332977.159
2203486.0,1588332977.2
2202710.0,1588332977.239
2202653.0,1588332977.28
2202808.0,1588332977.321
2202695.0,1588332977.36
2202935.0,1588332976.719
2203053.0,1588332977.4
2203246.0,1588332977.439
2203554.0,1588332977.479
2204449.0,1588332977.519
2206297.0,1588332977.599
2207388.0,1588332977.639
2208640.0,1588332977.681
2205426.0,1588332977.56
2209813.0,1588332977.72
2212357.0,1588332977.801
2213715.0,1588332977.838
2215091.0,1588332977.879
2216109.0,1588332977.92
2214528.0,1588332977.959
2211752.0,1588332978.0
2209223.0,1588332978.041
2207098.0,1588332978.081
2205810.0,1588332978.12
2210894.0,1588332977.76
2204725.0,1588332978.162
2204425.0,1588332978.199
2204420.0,1588332978.239
2204281.0,1588332978.281
2204045.0,1588332978.319
2204130.0,1588332978.36
2204523.0,1588332978.401
2205363.0,1588332978.44
2205921.0,1588332978.481
2206958.0,1588332978.522
2207891.0,1588332978.561
2209176.0,1588332978.599
2210219.0,1588332978.64
2211251.0,1588332978.68
2212392.0,1588332978.72
2213788.0,1588332978.761
2214997.0,1588332978.8
2216438.0,1588332978.841
2216861.0,1588332978.883
2214524.0,1588332978.921
2211553.0,1588332978.961
2208865.0,1588332979.0
2206912.0,1588332979.04
2204820.0,1588332979.08
2203602.0,1588332979.121
2202567.0,1588332979.201
2201964.0,1588332979.282
2202109.0,1588332979.321
2202661.0,1588332979.361
2202972.0,1588332979.4
2203596.0,1588332979.44
2204323.0,1588332979.482
2205305.0,1588332979.521
2206265.0,1588332979.561
2207260.0,1588332979.602
2208286.0,1588332979.641
2209441.0,1588332979.682
2210718.0,1588332979.721
2211652.0,1588332979.76
2213089.0,1588332979.8
2214256.0,1588332979.842
2203122.0,1588332979.16
2202360.0,1588332979.242
2213014.0,1588332979.881
2209684.0,1588332979.921
2206985.0,1588332979.962
2204421.0,1588332980.001
2202720.0,1588332980.042
2201251.0,1588332980.084
2200576.0,1588332980.12
2200123.0,1588332980.16
2199641.0,1588332980.202
2199008.0,1588332980.241
2198981.0,1588332980.282
2199054.0,1588332980.322
2199379.0,1588332980.365
2199962.0,1588332980.405
2200391.0,1588332980.447
2201035.0,1588332980.486
2201640.0,1588332980.526
2202576.0,1588332980.567
2204475.0,1588332980.646
2206562.0,1588332980.726
2207414.0,1588332980.766
2205114.0,1588332980.807
2201719.0,1588332980.846
2203585.0,1588332980.606
2198077.0,1588332980.887
2205571.0,1588332980.688
2195549.0,1588332980.927
2193479.0,1588332980.967
2191974.0,1588332981.007
2190956.0,1588332981.048
2190190.0,1588332981.087
2189049.0,1588332981.127
2188068.0,1588332981.168
2187223.0,1588332981.247
2186912.0,1588332981.289
2187139.0,1588332981.327
2187186.0,1588332981.367
2187382.0,1588332981.408
2187847.0,1588332981.448
2188373.0,1588332981.488
2187644.0,1588332981.207
2188616.0,1588332981.529
2189209.0,1588332981.568
2191461.0,1588332981.689
2185010.0,1588332981.769
2189621.0,1588332981.728
2190716.0,1588332981.649
2189863.0,1588332981.608
2180621.0,1588332981.808
2176273.0,1588332981.848
2172726.0,1588332981.89
2169346.0,1588332981.929
2166941.0,1588332981.969
2165236.0,1588332982.01
2163699.0,1588332982.049
2162235.0,1588332982.09
2161017.0,1588332982.13
2160266.0,1588332982.169
2160068.0,1588332982.209
2159966.0,1588332982.25
2160460.0,1588332982.329
2160003.0,1588332982.29
2160693.0,1588332982.37
2161618.0,1588332982.41
2163198.0,1588332982.491
2165103.0,1588332982.57
2164102.0,1588332982.53
2166290.0,1588332982.611
2167366.0,1588332982.65
2166770.0,1588332982.731
2162258.0,1588332982.77
2168751.0,1588332982.691
2157888.0,1588332982.81
2153942.0,1588332982.852
2150925.0,1588332982.891
2148181.0,1588332982.931
2146100.0,1588332982.972
2145430.0,1588332983.011
2144095.0,1588332983.051
2143052.0,1588332983.093
2142359.0,1588332983.131
2142136.0,1588332983.171
2142364.0,1588332983.212
2142906.0,1588332983.252
2143576.0,1588332983.292
2144052.0,1588332983.333
2146072.0,1588332983.412
2146999.0,1588332983.453
2148506.0,1588332983.493
2149556.0,1588332983.532
2162280.0,1588332982.45
2150874.0,1588332983.573
2152601.0,1588332983.612
2153960.0,1588332983.652
2153937.0,1588332983.694
2149880.0,1588332983.733
2145514.0,1588332983.773
2141985.0,1588332983.814
2145004.0,1588332983.372
2139043.0,1588332983.853
2136467.0,1588332983.894
2134947.0,1588332983.934
2134082.0,1588332983.973
2133051.0,1588332984.054
2133565.0,1588332984.013
2132576.0,1588332984.094
2132891.0,1588332984.133
2133102.0,1588332984.175
2134162.0,1588332984.214
2135148.0,1588332984.254
2136156.0,1588332984.296
2137479.0,1588332984.334
2138669.0,1588332984.374
2139998.0,1588332984.415
2141085.0,1588332984.454
2142786.0,1588332984.495
2144202.0,1588332984.535
2145549.0,1588332984.574
2147214.0,1588332984.615
2149404.0,1588332984.695
2149046.0,1588332984.656
2140208.0,1588332984.776
2145278.0,1588332984.735
2135897.0,1588332984.815
2132344.0,1588332984.855
2128757.0,1588332984.897
2126568.0,1588332984.935
2125174.0,1588332984.975
2124001.0,1588332985.017
2123236.0,1588332985.056
2122141.0,1588332985.132
2122276.0,1588332985.168
2122925.0,1588332985.208
2123657.0,1588332985.249
2124588.0,1588332985.289
2125722.0,1588332985.329
2122304.0,1588332985.096
2126943.0,1588332985.37
2129730.0,1588332985.449
2133013.0,1588332985.53
2134700.0,1588332985.568
2136577.0,1588332985.609
2138292.0,1588332985.648
2140227.0,1588332985.689
2140913.0,1588332985.73
2137191.0,1588332985.769
2132830.0,1588332985.809
2129552.0,1588332985.851
2131297.0,1588332985.491
2126961.0,1588332985.891
2124671.0,1588332985.928
2128184.0,1588332985.409
2123053.0,1588332986.009
2123138.0,1588332985.969
2122348.0,1588332986.049
2121844.0,1588332986.091
2121741.0,1588332986.17
2122412.0,1588332986.211
2123314.0,1588332986.25
2124399.0,1588332986.289
2125680.0,1588332986.33
2127020.0,1588332986.369
2128401.0,1588332986.409
2121517.0,1588332986.13
2131852.0,1588332986.49
2130076.0,1588332986.45
2135478.0,1588332986.571
2133807.0,1588332986.53
2137690.0,1588332986.61
2139641.0,1588332986.651
2140619.0,1588332986.69
2133122.0,1588332986.769
2137313.0,1588332986.729
2130431.0,1588332986.81
2128074.0,1588332986.85
2126423.0,1588332986.891
2125578.0,1588332986.931
2125455.0,1588332986.97
2125713.0,1588332987.011
2125782.0,1588332987.052
2125766.0,1588332987.09
2126606.0,1588332987.129
2127830.0,1588332987.171
2129260.0,1588332987.21
2130639.0,1588332987.25
2132143.0,1588332987.292
2134230.0,1588332987.331
2135811.0,1588332987.371
2137834.0,1588332987.412
2139662.0,1588332987.449
2141767.0,1588332987.49
2143793.0,1588332987.531
2146111.0,1588332987.57
2148168.0,1588332987.61
2151375.0,1588332987.691
2150386.0,1588332987.651
2148120.0,1588332987.731
2143977.0,1588332987.772
2138144.0,1588332987.849
2136035.0,1588332987.891
2140750.0,1588332987.811
2134177.0,1588332987.97
2134473.0,1588332987.93
2134134.0,1588332988.011
2134028.0,1588332988.092
2133943.0,1588332988.051
2134599.0,1588332988.132
2135557.0,1588332988.172
2136671.0,1588332988.21
2138198.0,1588332988.251
2139831.0,1588332988.291
2141383.0,1588332988.33
2143045.0,1588332988.372
2144827.0,1588332988.411
2146630.0,1588332988.451
2148515.0,1588332988.493
2150491.0,1588332988.532
2152370.0,1588332988.572
2156488.0,1588332988.65
2156322.0,1588332988.771
2152547.0,1588332988.811
2149614.0,1588332988.852
2147363.0,1588332988.892
2159561.0,1588332988.732
2158549.0,1588332988.691
2154597.0,1588332988.611
2145493.0,1588332988.932
2143935.0,1588332989.01
2144261.0,1588332988.973
2143566.0,1588332989.093
2144095.0,1588332989.051
2143588.0,1588332989.131
2144858.0,1588332989.213
2147048.0,1588332989.293
2149750.0,1588332989.37
2148351.0,1588332989.333
2145797.0,1588332989.252
2144004.0,1588332989.171
2152852.0,1588332989.452
2151224.0,1588332989.411
2156073.0,1588332989.531
2154382.0,1588332989.492
2157755.0,1588332989.573
2159947.0,1588332989.612
2161693.0,1588332989.652
2163660.0,1588332989.694
2162161.0,1588332989.733
2158642.0,1588332989.771
2156121.0,1588332989.812
2154339.0,1588332989.851
2153129.0,1588332989.892
2152418.0,1588332989.933
2152598.0,1588332989.972
2152909.0,1588332990.012
2153005.0,1588332990.054
2153144.0,1588332990.093
2153588.0,1588332990.131
2154814.0,1588332990.172
2156083.0,1588332990.211
2157404.0,1588332990.252
2159042.0,1588332990.294
2160561.0,1588332990.332
2162275.0,1588332990.372
2163768.0,1588332990.414
2165558.0,1588332990.453
2167406.0,1588332990.492
2169154.0,1588332990.532
2172966.0,1588332990.612
2171104.0,1588332990.572
2175060.0,1588332990.653
2174740.0,1588332990.693
2168523.0,1588332990.774
2171235.0,1588332990.733
2164766.0,1588332990.853
2166434.0,1588332990.813
2163359.0,1588332990.893
2162587.0,1588332990.932
2162838.0,1588332990.972
2163107.0,1588332991.013
2163719.0,1588332991.093
2163149.0,1588332991.052
2164500.0,1588332991.134
2165432.0,1588332991.173
2166671.0,1588332991.214
2168146.0,1588332991.253
2170996.0,1588332991.332
2174367.0,1588332991.413
2176146.0,1588332991.453
2172786.0,1588332991.374
2169623.0,1588332991.293
2177959.0,1588332991.495
2179761.0,1588332991.534
2183740.0,1588332991.613
2186969.0,1588332991.693
2185154.0,1588332991.734
2182006.0,1588332991.773
2179795.0,1588332991.813
2178129.0,1588332991.855
2185637.0,1588332991.652
2181546.0,1588332991.574
2175713.0,1588332991.934
2175642.0,1588332991.973
2176759.0,1588332991.894
2175718.0,1588332992.053
2175869.0,1588332992.095
2176415.0,1588332992.133
2177170.0,1588332992.174
2178021.0,1588332992.215
2175672.0,1588332992.013
2179048.0,1588332992.254
2180376.0,1588332992.295
2181644.0,1588332992.334
2182940.0,1588332992.373
2184290.0,1588332992.413
2185991.0,1588332992.454
2187341.0,1588332992.494
2189042.0,1588332992.533
2190583.0,1588332992.574
2192079.0,1588332992.613
2194178.0,1588332992.653
2193832.0,1588332992.695
2190757.0,1588332992.734
2188308.0,1588332992.774
2186535.0,1588332992.815
2185289.0,1588332992.854
2184522.0,1588332992.896
2184263.0,1588332992.937
2184281.0,1588332992.975
2184022.0,1588332993.056
2184363.0,1588332993.096
2184148.0,1588332993.015
2185492.0,1588332993.177
2186524.0,1588332993.216
2184783.0,1588332993.136
2187271.0,1588332993.257
2188453.0,1588332993.299
2189610.0,1588332993.337
2190606.0,1588332993.375
2191894.0,1588332993.417
2193209.0,1588332993.456
2194573.0,1588332993.497
2195860.0,1588332993.537
2197429.0,1588332993.576
2197827.0,1588332993.617
2194807.0,1588332993.658
2191361.0,1588332993.698
2188627.0,1588332993.737
2186031.0,1588332993.777
2183610.0,1588332993.816
2182062.0,1588332993.856
2181413.0,1588332993.898
2180987.0,1588332993.936
2180360.0,1588332993.977
2180002.0,1588332994.018
2180174.0,1588332994.057
2180598.0,1588332994.098
2181268.0,1588332994.137
2181950.0,1588332994.176
2182837.0,1588332994.216
2183762.0,1588332994.258
2184924.0,1588332994.297
2186342.0,1588332994.337
2187383.0,1588332994.378
2189004.0,1588332994.417
2189954.0,1588332994.458
2191517.0,1588332994.498
2193057.0,1588332994.536
2194483.0,1588332994.576
2194293.0,1588332994.618
2190765.0,1588332994.657
2187123.0,1588332994.698
2183889.0,1588332994.739
2181302.0,1588332994.778
2176910.0,1588332994.857
2178808.0,1588332994.818
2176190.0,1588332994.897
2175648.0,1588332994.937
2174974.0,1588332994.978
2174752.0,1588332995.017
2174795.0,1588332995.058
2175093.0,1588332995.1
2175760.0,1588332995.138
2176292.0,1588332995.178
2177223.0,1588332995.218
2178130.0,1588332995.257
2180607.0,1588332995.338
2181904.0,1588332995.377
2179551.0,1588332995.298
2183265.0,1588332995.418
2184571.0,1588332995.459
2187743.0,1588332995.538
2188268.0,1588332995.617
2184919.0,1588332995.657
2181465.0,1588332995.699
2179070.0,1588332995.737
2177005.0,1588332995.778
2189224.0,1588332995.58
2186323.0,1588332995.499
2175212.0,1588332995.819
2174382.0,1588332995.899
2174756.0,1588332995.858
2174065.0,1588332995.94
2173748.0,1588332996.017
2173648.0,1588332995.979
2174099.0,1588332996.058
2174657.0,1588332996.098
2175486.0,1588332996.138
2176498.0,1588332996.179
2177577.0,1588332996.218
2178517.0,1588332996.259
2179785.0,1588332996.301
2182463.0,1588332996.377
2181050.0,1588332996.339
2185568.0,1588332996.458
2183927.0,1588332996.419
2186961.0,1588332996.499
2185493.0,1588332996.578
2187998.0,1588332996.539
2181346.0,1588332996.619
2178112.0,1588332996.66
2175158.0,1588332996.7
2172667.0,1588332996.739
2169715.0,1588332996.818
2168671.0,1588332996.9
2168194.0,1588332996.939
2169231.0,1588332996.858
2170849.0,1588332996.779
2168143.0,1588332996.979
2168546.0,1588332997.02
2169306.0,1588332997.059
2170058.0,1588332997.1
2171098.0,1588332997.139
2171709.0,1588332997.178
2172979.0,1588332997.218
2174002.0,1588332997.26
2175295.0,1588332997.299
2176352.0,1588332997.339
2177781.0,1588332997.38
2179035.0,1588332997.42
2180755.0,1588332997.46
2181925.0,1588332997.5
2183404.0,1588332997.538
2178954.0,1588332997.62
2174993.0,1588332997.659
2182834.0,1588332997.579
2168458.0,1588332997.741
2171430.0,1588332997.7
2166235.0,1588332997.78
2164105.0,1588332997.82
2162566.0,1588332997.899
2163278.0,1588332997.859
2161939.0,1588332997.939
2161597.0,1588332997.98
2161688.0,1588332998.019
2161886.0,1588332998.06
2162824.0,1588332998.102
2164539.0,1588332998.18
2163574.0,1588332998.14
2165520.0,1588332998.22
2166841.0,1588332998.259
2168130.0,1588332998.3
2169531.0,1588332998.34
2171069.0,1588332998.379
2172398.0,1588332998.42
2174119.0,1588332998.461
2177449.0,1588332998.54
2176951.0,1588332998.582
2173725.0,1588332998.619
2170724.0,1588332998.659
2168442.0,1588332998.701
2166606.0,1588332998.74
2165073.0,1588332998.78
2164869.0,1588332998.821
2175824.0,1588332998.501
2164561.0,1588332998.86
2164448.0,1588332998.901
2164285.0,1588332998.942
2164432.0,1588332998.981
2164918.0,1588332999.019
2166145.0,1588332999.06
2166709.0,1588332999.1
2168117.0,1588332999.14
2169450.0,1588332999.181
2172251.0,1588332999.261
2173769.0,1588332999.303
2175382.0,1588332999.341
2170795.0,1588332999.22
2176929.0,1588332999.379
2180415.0,1588332999.46
2182166.0,1588332999.501
2178486.0,1588332999.422
2181140.0,1588332999.541
2177853.0,1588332999.58
2174599.0,1588332999.621
2172228.0,1588332999.662
2170056.0,1588332999.702
2168420.0,1588332999.741
2167647.0,1588332999.781
2167608.0,1588332999.82
2167506.0,1588332999.86
2167393.0,1588332999.902
2167766.0,1588332999.941
2168229.0,1588332999.981
2169234.0,1588333000.022
2170218.0,1588333000.061
2171259.0,1588333000.102
2172865.0,1588333000.141
2174269.0,1588333000.18
2175715.0,1588333000.22
2177171.0,1588333000.262
2178736.0,1588333000.302
2180378.0,1588333000.341
2182156.0,1588333000.382
2183975.0,1588333000.422
2185681.0,1588333000.462
2187816.0,1588333000.502
2187554.0,1588333000.54
2184510.0,1588333000.581
2181103.0,1588333000.622
2178230.0,1588333000.661
2176049.0,1588333000.702
2174257.0,1588333000.743
2173047.0,1588333000.782
2172559.0,1588333000.861
2172156.0,1588333000.941
2172613.0,1588333000.982
2172594.0,1588333000.822
2172350.0,1588333000.901
2173324.0,1588333001.021
2175444.0,1588333001.104
2174117.0,1588333001.062
2176587.0,1588333001.142
2177934.0,1588333001.182
2180659.0,1588333001.261
2182100.0,1588333001.302
2183695.0,1588333001.342
2179131.0,1588333001.222
2185244.0,1588333001.382
2187124.0,1588333001.422
2189396.0,1588333001.503
2183575.0,1588333001.584
2180808.0,1588333001.621
2178919.0,1588333001.661
2177564.0,1588333001.703
2186864.0,1588333001.542
2188697.0,1588333001.463
2176619.0,1588333001.742
2176529.0,1588333001.782
2176534.0,1588333001.823
2176500.0,1588333001.862
2176612.0,1588333001.903
2177069.0,1588333001.944
2177747.0,1588333001.983
2178843.0,1588333002.021
2179946.0,1588333002.062
2181107.0,1588333002.102
2182495.0,1588333002.142
2183982.0,1588333002.183
2185213.0,1588333002.223
2186781.0,1588333002.263
2189988.0,1588333002.343
2191352.0,1588333002.381
2192782.0,1588333002.423
2189341.0,1588333002.503
2192845.0,1588333002.462
2185368.0,1588333002.543
2188299.0,1588333002.305
2182289.0,1588333002.583
2179402.0,1588333002.623
2176932.0,1588333002.664
2175339.0,1588333002.704
2174392.0,1588333002.744
2173904.0,1588333002.783
2173162.0,1588333002.822
2172935.0,1588333002.862
2172731.0,1588333002.904
2173068.0,1588333002.943
2173514.0,1588333002.983
2174393.0,1588333003.024
2175208.0,1588333003.063
2176020.0,1588333003.104
2177029.0,1588333003.143
2179325.0,1588333003.222
2178228.0,1588333003.182
2181989.0,1588333003.304
2180821.0,1588333003.264
2183319.0,1588333003.343
2184668.0,1588333003.384
2186209.0,1588333003.424
2187727.0,1588333003.464
2186161.0,1588333003.506
2182127.0,1588333003.542
2177952.0,1588333003.582
2174871.0,1588333003.624
2172231.0,1588333003.663
2169821.0,1588333003.704
2168474.0,1588333003.745
2167860.0,1588333003.784
2167162.0,1588333003.824
2166412.0,1588333003.865
2166228.0,1588333003.943
2166131.0,1588333003.903
2167227.0,1588333004.023
2166584.0,1588333003.984
2167955.0,1588333004.063
2168807.0,1588333004.105
2169634.0,1588333004.144
2170872.0,1588333004.184
2171950.0,1588333004.226
2173309.0,1588333004.263
2174717.0,1588333004.304
2175913.0,1588333004.344
2177410.0,1588333004.384
2178715.0,1588333004.424
2176364.0,1588333004.465
2168070.0,1588333004.545
2165322.0,1588333004.586
2163207.0,1588333004.625
2161147.0,1588333004.665
2160486.0,1588333004.707
2159880.0,1588333004.745
2159209.0,1588333004.785
2171924.0,1588333004.505
2158888.0,1588333004.826
2158558.0,1588333004.865
2159634.0,1588333004.946
2162762.0,1588333005.067
2161652.0,1588333005.025
2160433.0,1588333004.985
2159203.0,1588333004.906
2163682.0,1588333005.106
2165074.0,1588333005.146
2167720.0,1588333005.226
2166367.0,1588333005.187
2169168.0,1588333005.266
2170519.0,1588333005.308
2172094.0,1588333005.346
2173504.0,1588333005.386
2170849.0,1588333005.427
2161615.0,1588333005.507
2158070.0,1588333005.547
2165793.0,1588333005.466
2154690.0,1588333005.587
2151741.0,1588333005.627
2149988.0,1588333005.668
2149132.0,1588333005.707
2147837.0,1588333005.747
2147167.0,1588333005.788
2146537.0,1588333005.827
2146759.0,1588333005.867
2147196.0,1588333005.909
2147932.0,1588333005.947
2148836.0,1588333005.987
2149637.0,1588333006.028
2150746.0,1588333006.068
2151787.0,1588333006.108
2153201.0,1588333006.149
2156147.0,1588333006.228
2157868.0,1588333006.269
2154814.0,1588333006.188
2159540.0,1588333006.309
2161090.0,1588333006.348
2162427.0,1588333006.389
2160857.0,1588333006.428
2155546.0,1588333006.468
2150768.0,1588333006.51
2147223.0,1588333006.548
2143392.0,1588333006.588
2140299.0,1588333006.63
2138374.0,1588333006.669
2137568.0,1588333006.709
2136322.0,1588333006.75
2135368.0,1588333006.789
2134959.0,1588333006.829
2134807.0,1588333006.87
2135188.0,1588333006.91
2135766.0,1588333006.949
2137600.0,1588333007.028
2139873.0,1588333007.108
2142486.0,1588333007.186
2141159.0,1588333007.146
2138661.0,1588333007.066
2136535.0,1588333006.991
2145431.0,1588333007.267
2143962.0,1588333007.228
2148689.0,1588333007.348
2147086.0,1588333007.308
2149863.0,1588333007.388
2141088.0,1588333007.467
2133174.0,1588333007.547
2130417.0,1588333007.588
2136720.0,1588333007.507
2146591.0,1588333007.426
2127845.0,1588333007.627
2127087.0,1588333007.667
2125906.0,1588333007.709
2123760.0,1588333007.788
2124819.0,1588333007.748
2123732.0,1588333007.827
2124287.0,1588333007.907
2123624.0,1588333007.866
2124698.0,1588333007.948
2125637.0,1588333007.987
2126615.0,1588333008.027
2127228.0,1588333008.069
2128469.0,1588333008.108
2129709.0,1588333008.148
2130849.0,1588333008.187
2133560.0,1588333008.267
2132167.0,1588333008.227
2134926.0,1588333008.309
2132880.0,1588333008.347
2126505.0,1588333008.388
2120809.0,1588333008.429
2115785.0,1588333008.468
2111555.0,1588333008.509
2107430.0,1588333008.55
2104918.0,1588333008.587
2103220.0,1588333008.627
2101472.0,1588333008.668
2099632.0,1588333008.708
2097830.0,1588333008.789
2097852.0,1588333008.868
2098095.0,1588333008.91
2098715.0,1588333008.947
2099242.0,1588333008.987
2100060.0,1588333009.029
2101001.0,1588333009.068
2101852.0,1588333009.109
2097615.0,1588333008.828
2103153.0,1588333009.149
2104195.0,1588333009.189
2105877.0,1588333009.229
2107105.0,1588333009.27
2105699.0,1588333009.308
2099213.0,1588333009.347
2092658.0,1588333009.389
2087209.0,1588333009.428
2082237.0,1588333009.468
2077976.0,1588333009.51
2074697.0,1588333009.549
2072904.0,1588333009.589
2098377.0,1588333008.748
2071246.0,1588333009.63
2068305.0,1588333009.708
2069743.0,1588333009.667
2067926.0,1588333009.749
2067944.0,1588333009.788
2068324.0,1588333009.828
2068833.0,1588333009.87
2069483.0,1588333009.91
2070444.0,1588333009.949
2071749.0,1588333009.99
2072923.0,1588333010.03
2074403.0,1588333010.068
2076090.0,1588333010.11
2077566.0,1588333010.148
2079252.0,1588333010.189
2081144.0,1588333010.23
2082260.0,1588333010.269
2077364.0,1588333010.31
2070647.0,1588333010.351
2065509.0,1588333010.39
2061036.0,1588333010.428
2057100.0,1588333010.469
2053968.0,1588333010.509
2052682.0,1588333010.549
2049948.0,1588333010.629
2048888.0,1588333010.669
2048533.0,1588333010.711
2048853.0,1588333010.75
2049467.0,1588333010.79
2050295.0,1588333010.829
2051267.0,1588333010.868
2052414.0,1588333010.909
2053743.0,1588333010.95
2051444.0,1588333010.59
2055283.0,1588333010.989
2056921.0,1588333011.029
2058480.0,1588333011.071
2060177.0,1588333011.111
2062107.0,1588333011.15
2063313.0,1588333011.229
2051092.0,1588333011.311
2064391.0,1588333011.189
2056802.0,1588333011.269
2046734.0,1588333011.349
2039492.0,1588333011.431
2036670.0,1588333011.511
2037450.0,1588333011.47
2035799.0,1588333011.552
2034620.0,1588333011.629
2035020.0,1588333011.589
2042952.0,1588333011.39
2034963.0,1588333011.67
2035880.0,1588333011.71
2037094.0,1588333011.75
2038516.0,1588333011.791
2040153.0,1588333011.83
2042096.0,1588333011.871
2043925.0,1588333011.912
2050616.0,1588333012.031
2048133.0,1588333011.989
2052958.0,1588333012.07
2055579.0,1588333012.111
2058085.0,1588333012.151
2056846.0,1588333012.191
2046166.0,1588333011.949
2046285.0,1588333012.27
2051161.0,1588333012.231
2039007.0,1588333012.35
2036127.0,1588333012.391
2034727.0,1588333012.43
2034381.0,1588333012.47
2034249.0,1588333012.512
2034055.0,1588333012.551
2042544.0,1588333012.31
2034435.0,1588333012.591
2037066.0,1588333012.67
2038684.0,1588333012.711
2040842.0,1588333012.751
2035469.0,1588333012.631
2042975.0,1588333012.79
2047695.0,1588333012.872
2050507.0,1588333012.912
2045404.0,1588333012.831
2052980.0,1588333012.951
2055864.0,1588333012.991
2061212.0,1588333013.07
2064193.0,1588333013.112
2058397.0,1588333013.03
2064524.0,1588333013.191
2060118.0,1588333013.232
2056343.0,1588333013.272
2053488.0,1588333013.313
2050856.0,1588333013.351
2048983.0,1588333013.39
2048208.0,1588333013.43
2066527.0,1588333013.151
2048482.0,1588333013.472
2048868.0,1588333013.551
2048515.0,1588333013.512
2050640.0,1588333013.632
2052093.0,1588333013.672
2053905.0,1588333013.714
2055798.0,1588333013.75
2057890.0,1588333013.79
2060155.0,1588333013.832
2062278.0,1588333013.871
2064791.0,1588333013.912
2067113.0,1588333013.953
2069723.0,1588333013.992
2072444.0,1588333014.032
2075071.0,1588333014.073
2077773.0,1588333014.111
2049459.0,1588333013.592
2080385.0,1588333014.151
2075899.0,1588333014.231
2073415.0,1588333014.272
2079129.0,1588333014.192
2071869.0,1588333014.314
2070494.0,1588333014.352
2069572.0,1588333014.392
2069922.0,1588333014.434
2070727.0,1588333014.471
2071256.0,1588333014.512
2072142.0,1588333014.552
2074854.0,1588333014.632
2076716.0,1588333014.673
2078581.0,1588333014.713
2081069.0,1588333014.752
2083206.0,1588333014.794
2073234.0,1588333014.591
2087830.0,1588333014.871
2092936.0,1588333014.951
2095481.0,1588333014.992
2098000.0,1588333015.033
2100547.0,1588333015.072
2085644.0,1588333014.833
2090262.0,1588333014.913
2103373.0,1588333015.113
2105615.0,1588333015.154
2103926.0,1588333015.193
2101764.0,1588333015.231
2100774.0,1588333015.272
2100178.0,1588333015.312
2099779.0,1588333015.352
2099817.0,1588333015.393
2100795.0,1588333015.432
2101874.0,1588333015.473
2102748.0,1588333015.515
2103728.0,1588333015.553
2105114.0,1588333015.591
2106773.0,1588333015.633
2108690.0,1588333015.672
2110542.0,1588333015.713
2112736.0,1588333015.753
2116833.0,1588333015.833
2118999.0,1588333015.874
2121423.0,1588333015.914
2123662.0,1588333015.954
2114777.0,1588333015.793
2126056.0,1588333015.993
2128403.0,1588333016.032
2130683.0,1588333016.072
2133121.0,1588333016.114
2133546.0,1588333016.153
2131696.0,1588333016.193
2130440.0,1588333016.234
2130027.0,1588333016.274
2129913.0,1588333016.315
2130314.0,1588333016.353
2132399.0,1588333016.424
2134431.0,1588333016.505
2135305.0,1588333016.544
2137175.0,1588333016.585
2138522.0,1588333016.624
2140550.0,1588333016.665
2141998.0,1588333016.706
2143719.0,1588333016.745
2145807.0,1588333016.785
2147654.0,1588333016.826
2149477.0,1588333016.865
2151552.0,1588333016.906
2153582.0,1588333016.947
2131013.0,1588333016.384
2133373.0,1588333016.465
2155671.0,1588333016.986
2157566.0,1588333017.026
2159576.0,1588333017.067
2160793.0,1588333017.105
2158942.0,1588333017.145
2156945.0,1588333017.186
2155755.0,1588333017.225
2155103.0,1588333017.266
2154236.0,1588333017.346
2154452.0,1588333017.308
2155536.0,1588333017.428
2156029.0,1588333017.465
2156815.0,1588333017.506
2154844.0,1588333017.386
2157811.0,1588333017.546
2158886.0,1588333017.585
2160223.0,1588333017.626
2161745.0,1588333017.667
2162935.0,1588333017.707
2164788.0,1588333017.746
2166310.0,1588333017.788
2168054.0,1588333017.827
2171382.0,1588333017.907
2174954.0,1588333017.986
2178486.0,1588333018.066
2175419.0,1588333018.148
2176681.0,1588333018.027
2173114.0,1588333017.945
2169686.0,1588333017.865
2173619.0,1588333018.187
2177901.0,1588333018.107
2171292.0,1588333018.267
2170232.0,1588333018.306
2170067.0,1588333018.346
2172253.0,1588333018.225
2170317.0,1588333018.387
2170620.0,1588333018.426
2171478.0,1588333018.509
2172103.0,1588333018.547
2174161.0,1588333018.627
2176645.0,1588333018.707
2179329.0,1588333018.787
2180636.0,1588333018.827
2182148.0,1588333018.868
2171010.0,1588333018.467
2183634.0,1588333018.908
2184944.0,1588333018.948
2186420.0,1588333018.987
2173180.0,1588333018.587
2175527.0,1588333018.666
2177952.0,1588333018.747
2188155.0,1588333019.026
2188325.0,1588333019.066
2186088.0,1588333019.108
2183599.0,1588333019.147
2181528.0,1588333019.187
2178455.0,1588333019.268
2177450.0,1588333019.309
2177164.0,1588333019.347
2176991.0,1588333019.386
2176784.0,1588333019.427
2176894.0,1588333019.468
2177118.0,1588333019.508
2177492.0,1588333019.547
2178300.0,1588333019.589
2179200.0,1588333019.628
2180199.0,1588333019.668
2179893.0,1588333019.228
2181261.0,1588333019.71
2182186.0,1588333019.746
2183443.0,1588333019.787
2184587.0,1588333019.828
2185908.0,1588333019.867
2187197.0,1588333019.908
2188355.0,1588333019.949
2189855.0,1588333019.988
2191264.0,1588333020.028
2189766.0,1588333020.069
2186769.0,1588333020.109
2182140.0,1588333020.188
2178866.0,1588333020.267
2178589.0,1588333020.309
2178169.0,1588333020.347
2177937.0,1588333020.388
2177464.0,1588333020.429
2180304.0,1588333020.227
2184017.0,1588333020.147
2177433.0,1588333020.468
2177925.0,1588333020.509
2178427.0,1588333020.55
2179192.0,1588333020.589
2179912.0,1588333020.627
2180783.0,1588333020.668
2181623.0,1588333020.708
2184054.0,1588333020.789
2182909.0,1588333020.748
2185149.0,1588333020.828
2186196.0,1588333020.868
2187392.0,1588333020.91
2188604.0,1588333020.949
2189382.0,1588333020.989
2187193.0,1588333021.028
2183955.0,1588333021.067
2181269.0,1588333021.108
2177236.0,1588333021.188
2179087.0,1588333021.149
2175911.0,1588333021.229
2175561.0,1588333021.27
2174490.0,1588333021.349
2175006.0,1588333021.31
2174005.0,1588333021.389
2174053.0,1588333021.428
2174221.0,1588333021.468
2174635.0,1588333021.51
2175532.0,1588333021.548
2176168.0,1588333021.589
2177985.0,1588333021.669
2179920.0,1588333021.749
2182020.0,1588333021.828
2180964.0,1588333021.788
2176800.0,1588333021.63
2178777.0,1588333021.71
2183210.0,1588333021.87
2184279.0,1588333021.909
2182144.0,1588333021.949
2178786.0,1588333021.99
2175206.0,1588333022.029
2172336.0,1588333022.07
2166118.0,1588333022.189
2169667.0,1588333022.11
2167499.0,1588333022.148
2165394.0,1588333022.23
2164515.0,1588333022.269
2163960.0,1588333022.31
2163370.0,1588333022.351
2163455.0,1588333022.39
2163724.0,1588333022.43
2164254.0,1588333022.469
2164734.0,1588333022.509
2165573.0,1588333022.549
2166205.0,1588333022.59
2167068.0,1588333022.629
2168020.0,1588333022.669
2169111.0,1588333022.711
2170176.0,1588333022.75
2171650.0,1588333022.79
2172609.0,1588333022.831
2174099.0,1588333022.868
2172814.0,1588333022.909
2169361.0,1588333022.95
2165696.0,1588333022.989
2162493.0,1588333023.03
2159632.0,1588333023.071
2155526.0,1588333023.15
2154586.0,1588333023.192
2153757.0,1588333023.229
2152947.0,1588333023.269
2152487.0,1588333023.311
2152561.0,1588333023.349
2156904.0,1588333023.111
2152752.0,1588333023.39
2153660.0,1588333023.47
2154201.0,1588333023.511
2155181.0,1588333023.552
2156049.0,1588333023.591
2157146.0,1588333023.629
2158175.0,1588333023.67
2159016.0,1588333023.71
2160502.0,1588333023.75
2161809.0,1588333023.791
2163091.0,1588333023.83
2153045.0,1588333023.431
2164648.0,1588333023.87
2165209.0,1588333023.912
2162622.0,1588333023.951
2155543.0,1588333024.03
2159033.0,1588333023.991
2149807.0,1588333024.11
2152382.0,1588333024.07
2147670.0,1588333024.151
2146476.0,1588333024.19
2145824.0,1588333024.231
2145063.0,1588333024.272
2144432.0,1588333024.312
2144091.0,1588333024.351
2144307.0,1588333024.391
2144615.0,1588333024.43
2145235.0,1588333024.47
2145782.0,1588333024.512
2146566.0,1588333024.551
2147475.0,1588333024.591
2148346.0,1588333024.632
2149505.0,1588333024.671
2150571.0,1588333024.712
2151735.0,1588333024.751
2153097.0,1588333024.79
2154349.0,1588333024.83
2153600.0,1588333024.872
2150159.0,1588333024.911
2146823.0,1588333024.951
2144146.0,1588333024.992
2139887.0,1588333025.072
2138360.0,1588333025.15
2141862.0,1588333025.032
2139026.0,1588333025.114
2137348.0,1588333025.232
2137875.0,1588333025.19
2136972.0,1588333025.271
2137672.0,1588333025.352
2137279.0,1588333025.312
2139120.0,1588333025.432
2140075.0,1588333025.473
2142127.0,1588333025.55
2138360.0,1588333025.392
2140997.0,1588333025.513
2143261.0,1588333025.592
2144499.0,1588333025.631
2145977.0,1588333025.671
2147401.0,1588333025.713
2148527.0,1588333025.752
2149727.0,1588333025.792
2147316.0,1588333025.833
2143704.0,1588333025.872
2140274.0,1588333025.911
2137392.0,1588333025.952
2134814.0,1588333025.991
2132661.0,1588333026.031
2131553.0,1588333026.073
2131018.0,1588333026.112
2130366.0,1588333026.152
2129733.0,1588333026.194
2129498.0,1588333026.233
2129772.0,1588333026.271
2130792.0,1588333026.351
2131796.0,1588333026.392
2132775.0,1588333026.433
2133813.0,1588333026.472
2135024.0,1588333026.513
2136137.0,1588333026.554
2137560.0,1588333026.593
2130108.0,1588333026.313
2139023.0,1588333026.633
2141863.0,1588333026.712
2143574.0,1588333026.752
2144334.0,1588333026.793
2142116.0,1588333026.832
2138290.0,1588333026.872
2140450.0,1588333026.672
2134843.0,1588333026.914
2131951.0,1588333026.953
2129298.0,1588333026.993
2127386.0,1588333027.034
2126378.0,1588333027.071
2125591.0,1588333027.112
2125125.0,1588333027.153
2124707.0,1588333027.192
2124413.0,1588333027.233
2124737.0,1588333027.274
2125489.0,1588333027.314
2125890.0,1588333027.353
2127108.0,1588333027.395
2127977.0,1588333027.432
2129098.0,1588333027.472
2131500.0,1588333027.552
2132830.0,1588333027.593
2130277.0,1588333027.514
2134233.0,1588333027.634
2137378.0,1588333027.714
2135401.0,1588333027.794
2131658.0,1588333027.832
2135876.0,1588333027.673
2138039.0,1588333027.755
2128464.0,1588333027.873
2125750.0,1588333027.913
2123318.0,1588333027.953
2121549.0,1588333027.994
2120827.0,1588333028.033
2120158.0,1588333028.074
2119752.0,1588333028.115
2119307.0,1588333028.154
2119310.0,1588333028.192
2119736.0,1588333028.234
2120327.0,1588333028.273
2120927.0,1588333028.314
2122047.0,1588333028.354
2122873.0,1588333028.393
2123971.0,1588333028.433
2125325.0,1588333028.474
2128002.0,1588333028.554
2129511.0,1588333028.595
2126298.0,1588333028.514
2130783.0,1588333028.634
2132447.0,1588333028.716
2125801.0,1588333028.794
2122580.0,1588333028.835
2119857.0,1588333028.874
2129468.0,1588333028.754
2132393.0,1588333028.674
2117486.0,1588333028.915
2115412.0,1588333028.995
2114810.0,1588333029.035
2114235.0,1588333029.076
2114065.0,1588333029.116
2113912.0,1588333029.155
2114522.0,1588333029.197
2115334.0,1588333029.236
2115989.0,1588333029.276
2117142.0,1588333029.318
2116023.0,1588333028.955
2118254.0,1588333029.357
2119610.0,1588333029.397
2122184.0,1588333029.475
2120836.0,1588333029.437
2124029.0,1588333029.516
2126999.0,1588333029.596
2128692.0,1588333029.636
2130470.0,1588333029.678
2129172.0,1588333029.717
2125751.0,1588333029.757
2122463.0,1588333029.798
2119693.0,1588333029.835
2125528.0,1588333029.557
2117651.0,1588333029.876
2115891.0,1588333029.918
2115050.0,1588333029.956
2114608.0,1588333029.996
2114189.0,1588333030.038
2113865.0,1588333030.077
2113809.0,1588333030.118
2114253.0,1588333030.159
2114713.0,1588333030.196
2115724.0,1588333030.236
2116437.0,1588333030.277
2117430.0,1588333030.317
2118566.0,1588333030.357
2119612.0,1588333030.398
2121038.0,1588333030.437
2122266.0,1588333030.477
2125220.0,1588333030.558
2123621.0,1588333030.519
2124672.0,1588333030.637
2117653.0,1588333030.717
2121049.0,1588333030.676
2115297.0,1588333030.758
2113158.0,1588333030.797
2111562.0,1588333030.837
2110926.0,1588333030.879
2110421.0,1588333030.919
2109946.0,1588333030.958
2109786.0,1588333030.997
2109668.0,1588333031.037
2110232.0,1588333031.077
2126367.0,1588333030.596
2110690.0,1588333031.119
2112811.0,1588333031.198
2111721.0,1588333031.157
2115239.0,1588333031.278
2116550.0,1588333031.319
2117830.0,1588333031.358
2113892.0,1588333031.239
2119499.0,1588333031.397
2121026.0,1588333031.437
2122752.0,1588333031.478
2122370.0,1588333031.518
2119016.0,1588333031.558
2115576.0,1588333031.599
2112522.0,1588333031.638
2107676.0,1588333031.72
2105903.0,1588333031.797
2105290.0,1588333031.838
2104875.0,1588333031.878
2110018.0,1588333031.678
2106309.0,1588333031.757
2105045.0,1588333031.919
2100027.0,1588333032.8
2100553.0,1588333032.919
2099750.0,1588333032.879
2106054.0,1588333033.12
2106764.0,1588333034.362
2107457.0,1588333033.16
2104769.0,1588333033.079
2103504.0,1588333033.039
2108906.0,1588333033.199
2102405.0,1588333032.998
2116159.0,1588333033.358
2101301.0,1588333032.958
2110572.0,1588333033.24
2108935.0,1588333033.479
2106247.0,1588333033.521
2104570.0,1588333033.56
2115115.0,1588333033.4
2114265.0,1588333033.319
2111978.0,1588333033.439
2102075.0,1588333033.76
2102475.0,1588333033.799
2103168.0,1588333033.839
2104020.0,1588333033.881
2102297.0,1588333033.719
2104911.0,1588333033.921
2106324.0,1588333033.96
2107531.0,1588333034.001
2109086.0,1588333034.038
2118765.0,1588333032.44
2110696.0,1588333034.079
2100348.0,1588333032.759
2115493.0,1588333032.479
2112141.0,1588333034.121
2108502.0,1588333032.12
2113716.0,1588333034.159
2106533.0,1588333032.039
2109829.0,1588333032.157
2115292.0,1588333034.2
2116716.0,1588333032.358
2111033.0,1588333032.198
2103104.0,1588333032.638
2108324.0,1588333032.559
2116099.0,1588333034.241
2113490.0,1588333034.28
2100880.0,1588333032.719
2102430.0,1588333033.639
2112318.0,1588333033.279
2113628.0,1588333032.278
2112233.0,1588333032.238
2102417.0,1588333033.678
2103115.0,1588333033.6
2105571.0,1588333032.598
2118327.0,1588333032.399
2101558.0,1588333032.679
2115113.0,1588333032.32
2107542.0,1588333032.08
2111664.0,1588333032.518
2110015.0,1588333034.321
2104259.0,1588333034.399
2105309.0,1588333031.959
2099777.0,1588333032.839
2105784.0,1588333031.998
2100357.0,1588333034.48
2099834.0,1588333034.52
2099490.0,1588333034.56
2099135.0,1588333034.601
2099288.0,1588333034.68
2099823.0,1588333034.722
2101786.0,1588333034.439
2100604.0,1588333034.761
2099048.0,1588333034.64
2102856.0,1588333034.84
2104090.0,1588333034.879
2106502.0,1588333034.961
2107963.0,1588333035.0
2109671.0,1588333035.04
2111060.0,1588333035.082
2112743.0,1588333035.122
2111294.0,1588333035.159
2105358.0,1588333034.92
2107325.0,1588333035.201
2103596.0,1588333035.24
2100398.0,1588333035.28
2097533.0,1588333035.322
2095004.0,1588333035.36
2093728.0,1588333035.401
2101910.0,1588333034.799
2093142.0,1588333035.442
2092225.0,1588333035.522
2092689.0,1588333035.6
2092305.0,1588333035.561
2092681.0,1588333035.481
2093159.0,1588333035.64
2094379.0,1588333035.681
2095363.0,1588333035.721
2096583.0,1588333035.761
2097854.0,1588333035.802
2099320.0,1588333035.841
2100905.0,1588333035.882
2102356.0,1588333035.922
2105528.0,1588333036.0
2104054.0,1588333035.96
2109409.0,1588333036.081
2107498.0,1588333036.042
2109652.0,1588333036.122
2106350.0,1588333036.162
2102403.0,1588333036.202
2099282.0,1588333036.242
2096482.0,1588333036.281
2094165.0,1588333036.321
2092064.0,1588333036.402
2091452.0,1588333036.481
2091184.0,1588333036.523
2091616.0,1588333036.562
2092694.0,1588333036.361
2091811.0,1588333036.441
2092335.0,1588333036.602
2093229.0,1588333036.643
2094461.0,1588333036.68
2095665.0,1588333036.721
2097381.0,1588333036.762
2098525.0,1588333036.801
2099738.0,1588333036.841
2100797.0,1588333036.883
2101493.0,1588333036.922
2102615.0,1588333036.962
2103760.0,1588333037.003
2105334.0,1588333037.043
2105744.0,1588333037.081
2102804.0,1588333037.123
2093416.0,1588333037.243
2091489.0,1588333037.282
2098920.0,1588333037.161
2096047.0,1588333037.201
2090082.0,1588333037.323
2090141.0,1588333037.364
2090485.0,1588333037.441
2091500.0,1588333037.522
2090526.0,1588333037.482
2092208.0,1588333037.561
2090180.0,1588333037.403
2093597.0,1588333037.603
2094995.0,1588333037.642
2096334.0,1588333037.682
2098031.0,1588333037.724
2099502.0,1588333037.763
2101480.0,1588333037.803
2103650.0,1588333037.842
2105355.0,1588333037.881
2107782.0,1588333037.922
2109890.0,1588333037.963
2112385.0,1588333038.002
2114621.0,1588333038.042
2115394.0,1588333038.084
2113033.0,1588333038.123
2110645.0,1588333038.163
2108538.0,1588333038.202
2107110.0,1588333038.242
2105911.0,1588333038.282
2105467.0,1588333038.324
2105713.0,1588333038.362
2106042.0,1588333038.403
2106230.0,1588333038.444
2107032.0,1588333038.483
2109109.0,1588333038.565
2107918.0,1588333038.524
2111861.0,1588333038.642
2110345.0,1588333038.602
2113260.0,1588333038.683
2114719.0,1588333038.723
2116151.0,1588333038.763
2119609.0,1588333038.843
2121114.0,1588333038.883
2123225.0,1588333038.925
2124867.0,1588333038.964
2125901.0,1588333039.002
2124297.0,1588333039.043
2122209.0,1588333039.082
2120971.0,1588333039.123
2119872.0,1588333039.164
2119567.0,1588333039.203
2119945.0,1588333039.244
2117677.0,1588333038.804
2120760.0,1588333039.285
2121535.0,1588333039.325
2122538.0,1588333039.362
2123783.0,1588333039.403
2125401.0,1588333039.443
2128735.0,1588333039.525
2130723.0,1588333039.563
2134607.0,1588333039.645
2136441.0,1588333039.684
2138368.0,1588333039.725
2127019.0,1588333039.483
2132664.0,1588333039.604
2140470.0,1588333039.764
2142355.0,1588333039.803
2144311.0,1588333039.843
2146225.0,1588333039.884
2145274.0,1588333039.924
2143632.0,1588333039.964
2142029.0,1588333040.005
2141314.0,1588333040.044
2140793.0,1588333040.084
2140862.0,1588333040.126
2141295.0,1588333040.163
2142475.0,1588333040.203
2143053.0,1588333040.244
2143876.0,1588333040.283
2145936.0,1588333040.365
2144751.0,1588333040.324
2148611.0,1588333040.442
2150007.0,1588333040.483
2147152.0,1588333040.402
2151020.0,1588333040.523
2152662.0,1588333040.562
2153838.0,1588333040.603
2155412.0,1588333040.642
2156909.0,1588333040.682
2158550.0,1588333040.724
2160690.0,1588333040.763
2162432.0,1588333040.803
2162240.0,1588333040.844
2160790.0,1588333040.884
2159554.0,1588333040.924
2158324.0,1588333040.964
2157591.0,1588333041.004
2157202.0,1588333041.044
2157300.0,1588333041.085
2157810.0,1588333041.125
2159273.0,1588333041.206
2158560.0,1588333041.165
2160243.0,1588333041.245
2162152.0,1588333041.325
2163477.0,1588333041.364
2165891.0,1588333041.445
2167371.0,1588333041.485
2161103.0,1588333041.286
2164528.0,1588333041.404
2168956.0,1588333041.526
2170698.0,1588333041.566
2172287.0,1588333041.605
2174155.0,1588333041.645
2175922.0,1588333041.687
2177697.0,1588333041.725
2179461.0,1588333041.764
2180280.0,1588333041.805
2179460.0,1588333041.845
2178015.0,1588333041.885
2177007.0,1588333041.927
2176107.0,1588333041.965
2175596.0,1588333042.006
2175460.0,1588333042.047
2175467.0,1588333042.086
2175975.0,1588333042.125
2176325.0,1588333042.166
2177207.0,1588333042.245
2176602.0,1588333042.205
2178707.0,1588333042.326
2179881.0,1588333042.366
2178007.0,1588333042.286
2180911.0,1588333042.407
2181958.0,1588333042.446
2184326.0,1588333042.526
2183005.0,1588333042.484
2186812.0,1588333042.605
2188205.0,1588333042.646
2185540.0,1588333042.565
2189766.0,1588333042.727
2186718.0,1588333042.806
2185674.0,1588333042.847
2184703.0,1588333042.886
2184009.0,1588333042.926
2184107.0,1588333042.965
2184441.0,1588333043.006
2188400.0,1588333042.767
2184682.0,1588333043.046
2189617.0,1588333042.686
2185035.0,1588333043.086
2185485.0,1588333043.128
2186271.0,1588333043.166
2187072.0,1588333043.207
2189256.0,1588333043.285
2190409.0,1588333043.326
2193099.0,1588333043.406
2191852.0,1588333043.367
2188147.0,1588333043.246
2194569.0,1588333043.446
2195997.0,1588333043.487
2197294.0,1588333043.527
2197324.0,1588333043.567
2195830.0,1588333043.608
2194455.0,1588333043.645
2192768.0,1588333043.727
2192440.0,1588333043.766
2192950.0,1588333043.806
2193392.0,1588333043.686
2192990.0,1588333043.847
2193231.0,1588333043.887
2193568.0,1588333043.968
2193168.0,1588333043.928
2193964.0,1588333044.007
2194639.0,1588333044.045
2195497.0,1588333044.087
2196173.0,1588333044.127
2196994.0,1588333044.166
2199060.0,1588333044.247
2197904.0,1588333044.208
2200322.0,1588333044.287
2200251.0,1588333044.329
2198461.0,1588333044.368
2195029.0,1588333044.447
2196601.0,1588333044.406
2193692.0,1588333044.486
2192769.0,1588333044.527
2192741.0,1588333044.568
2192436.0,1588333044.647
2192636.0,1588333044.607
2192080.0,1588333044.728
2191992.0,1588333044.688
2192380.0,1588333044.768
2192953.0,1588333044.807
2193708.0,1588333044.846
2194224.0,1588333044.887
2194818.0,1588333044.929
2195391.0,1588333044.967
2196042.0,1588333045.007
2196650.0,1588333045.049
2195260.0,1588333045.088
2192772.0,1588333045.129
2190921.0,1588333045.167
2189819.0,1588333045.207
2189192.0,1588333045.247
2190080.0,1588333045.328
2189280.0,1588333045.288
2190646.0,1588333045.368
2191436.0,1588333045.409
2192236.0,1588333045.448
2193123.0,1588333045.488
2194150.0,1588333045.53
2195384.0,1588333045.567
2196768.0,1588333045.607
2198017.0,1588333045.648
2199302.0,1588333045.687
2200793.0,1588333045.728
2202091.0,1588333045.769
2203399.0,1588333045.808
2204819.0,1588333045.848
2203343.0,1588333045.89
2200813.0,1588333045.93
2198339.0,1588333045.967
2196052.0,1588333046.008
2191712.0,1588333046.13
2191328.0,1588333046.168
2191064.0,1588333046.208
2190928.0,1588333046.25
2193860.0,1588333046.047
2192300.0,1588333046.088
2191093.0,1588333046.289
2191630.0,1588333046.328
2193142.0,1588333046.408
2192594.0,1588333046.368
2194288.0,1588333046.448
2195212.0,1588333046.489
2196249.0,1588333046.529
2197421.0,1588333046.569
2198686.0,1588333046.61
2199910.0,1588333046.649
2201224.0,1588333046.689
2202599.0,1588333046.729
2203271.0,1588333046.768
2200990.0,1588333046.808
2197945.0,1588333046.849
2194673.0,1588333046.888
2192252.0,1588333046.929
2189742.0,1588333046.97
2187874.0,1588333047.009
2186605.0,1588333047.049
2185897.0,1588333047.128
2186097.0,1588333047.091
2185372.0,1588333047.168
2186082.0,1588333047.249
2186481.0,1588333047.289
2188017.0,1588333047.369
2188757.0,1588333047.41
2189805.0,1588333047.451
2185609.0,1588333047.209
2187274.0,1588333047.331
2190989.0,1588333047.488
2191965.0,1588333047.529
2192731.0,1588333047.569
2193724.0,1588333047.609
2194794.0,1588333047.649
2195959.0,1588333047.69
2193527.0,1588333047.77
2187323.0,1588333047.85
2184572.0,1588333047.888
2190288.0,1588333047.811
2196106.0,1588333047.73
2182323.0,1588333047.93
2180590.0,1588333047.969
2179937.0,1588333048.009
2179155.0,1588333048.05
2178541.0,1588333048.089
2177777.0,1588333048.13
2177627.0,1588333048.171
2177407.0,1588333048.21
2177842.0,1588333048.248
2178137.0,1588333048.29
2178593.0,1588333048.33
2179417.0,1588333048.369
2181388.0,1588333048.45
2180367.0,1588333048.41
2182446.0,1588333048.532
2182012.0,1588333048.49
2182362.0,1588333048.57
2183297.0,1588333048.611
2183871.0,1588333048.65
2183420.0,1588333048.689
2181183.0,1588333048.73
2178462.0,1588333048.771
2175545.0,1588333048.81
2172315.0,1588333048.85
2169453.0,1588333048.891
2167581.0,1588333048.931
2166797.0,1588333048.971
2165948.0,1588333049.012
2165773.0,1588333049.049
2165656.0,1588333049.089
2165749.0,1588333049.131
2166656.0,1588333049.17
2167377.0,1588333049.21
2167882.0,1588333049.252
2169108.0,1588333049.291
2171263.0,1588333049.372
2170251.0,1588333049.332
2174390.0,1588333049.45
2175638.0,1588333049.491
2176862.0,1588333049.531
2178093.0,1588333049.57
2178771.0,1588333049.612
2172691.0,1588333049.409
2177121.0,1588333049.651
2174369.0,1588333049.691
2171670.0,1588333049.733
2169442.0,1588333049.771
2166303.0,1588333049.851
2167649.0,1588333049.81
2166266.0,1588333049.89
2166180.0,1588333049.931
2166325.0,1588333049.972
2166324.0,1588333050.011
2166841.0,1588333050.051
2167556.0,1588333050.092
2170780.0,1588333050.211
2169570.0,1588333050.17
2171957.0,1588333050.25
2168481.0,1588333050.132
2173342.0,1588333050.291
2174413.0,1588333050.333
2176006.0,1588333050.371
2177196.0,1588333050.411
2178563.0,1588333050.453
2180057.0,1588333050.492
2181027.0,1588333050.533
2179868.0,1588333050.571
2177871.0,1588333050.61
2176256.0,1588333050.651
2175027.0,1588333050.692
2174151.0,1588333050.732
2173836.0,1588333050.771
2174053.0,1588333050.813
2174559.0,1588333050.852
2174832.0,1588333050.892
2175248.0,1588333050.934
2175907.0,1588333050.97
2176732.0,1588333051.011
2177902.0,1588333051.052
2179053.0,1588333051.091
2180313.0,1588333051.132
2181533.0,1588333051.173
2182949.0,1588333051.212
2184201.0,1588333051.252
2185731.0,1588333051.294
2187231.0,1588333051.331
2188353.0,1588333051.371
2187596.0,1588333051.412
2185782.0,1588333051.451
2184291.0,1588333051.492
2183089.0,1588333051.534
2182403.0,1588333051.572
2182320.0,1588333051.613
2182709.0,1588333051.654
2183165.0,1588333051.691
2183139.0,1588333051.732
2183927.0,1588333051.773
2184573.0,1588333051.812
2185517.0,1588333051.852
2186593.0,1588333051.893
2187845.0,1588333051.933
2188848.0,1588333051.973
2190234.0,1588333052.014
2191817.0,1588333052.053
2193001.0,1588333052.091
2194423.0,1588333052.133
2195575.0,1588333052.172
2194271.0,1588333052.212
2192251.0,1588333052.253
2190325.0,1588333052.293
2188891.0,1588333052.334
2187999.0,1588333052.374
2187459.0,1588333052.412
2187597.0,1588333052.452
2188198.0,1588333052.493
2188383.0,1588333052.533
2189365.0,1588333052.614
2188993.0,1588333052.572
2190225.0,1588333052.653
2191206.0,1588333052.693
2192212.0,1588333052.734
2192946.0,1588333052.773
2194021.0,1588333052.813
2195377.0,1588333052.854
2196536.0,1588333052.893
2197950.0,1588333052.934
2199591.0,1588333052.974
2199421.0,1588333053.014
2197544.0,1588333053.054
2195033.0,1588333053.095
2192723.0,1588333053.135
2190765.0,1588333053.175
2189519.0,1588333053.216
2188848.0,1588333053.253
2188186.0,1588333053.293
2187888.0,1588333053.335
2187831.0,1588333053.374
2187638.0,1588333053.414
2188036.0,1588333053.455
2188360.0,1588333053.495
2188917.0,1588333053.536
2189609.0,1588333053.576
2190494.0,1588333053.615
2191436.0,1588333053.653
2192483.0,1588333053.695
2193588.0,1588333053.735
2194581.0,1588333053.774
2195883.0,1588333053.815
2196579.0,1588333053.855
2196386.0,1588333053.895
2193591.0,1588333053.937
2190663.0,1588333053.975
2188222.0,1588333054.016
2186040.0,1588333054.055
2184190.0,1588333054.094
2183566.0,1588333054.135
2182889.0,1588333054.176
2182501.0,1588333054.215
2181933.0,1588333054.255
2181792.0,1588333054.296
2182394.0,1588333054.376
2181970.0,1588333054.336
2182872.0,1588333054.415
2183470.0,1588333054.454
2184536.0,1588333054.494
2185271.0,1588333054.536
2186436.0,1588333054.575
2187536.0,1588333054.615
2188466.0,1588333054.656
2189779.0,1588333054.696
2190848.0,1588333054.737
2191473.0,1588333054.775
2189097.0,1588333054.814
2185897.0,1588333054.855
2183456.0,1588333054.896
2181470.0,1588333054.936
2179920.0,1588333054.975
2178961.0,1588333055.017
2178454.0,1588333055.056
2177841.0,1588333055.096
2177434.0,1588333055.138
2177149.0,1588333055.174
2177437.0,1588333055.215
2178255.0,1588333055.256
2179203.0,1588333055.295
2180592.0,1588333055.336
2182118.0,1588333055.377
2183541.0,1588333055.416
2184986.0,1588333055.456
2186404.0,1588333055.497
2188046.0,1588333055.537
2189618.0,1588333055.575
2188927.0,1588333055.616
2186537.0,1588333055.655
2183575.0,1588333055.696
2181044.0,1588333055.737
2179244.0,1588333055.776
2177697.0,1588333055.816
2176778.0,1588333055.858
2176350.0,1588333055.897
2175597.0,1588333055.936
2175642.0,1588333055.976
2175764.0,1588333056.015
2176452.0,1588333056.056
2177307.0,1588333056.097
2178888.0,1588333056.137
2181765.0,1588333056.218
2183425.0,1588333056.257
2180322.0,1588333056.177
2186993.0,1588333056.337
2188019.0,1588333056.376
2185036.0,1588333056.295
2182815.0,1588333056.457
2185501.0,1588333056.416
2179014.0,1588333056.537
2180494.0,1588333056.496
2177581.0,1588333056.617
2178095.0,1588333056.657
2177750.0,1588333056.578
2178355.0,1588333056.697
2179044.0,1588333056.776
2178510.0,1588333056.736
2180829.0,1588333056.856
2182225.0,1588333056.897
2179955.0,1588333056.817
2184871.0,1588333056.977
2183366.0,1588333056.939
2187783.0,1588333057.057
2186266.0,1588333057.017
2189322.0,1588333057.096
2191024.0,1588333057.137
2190471.0,1588333057.178
2187383.0,1588333057.217
2183656.0,1588333057.257
2180514.0,1588333057.298
2177715.0,1588333057.338
2175259.0,1588333057.378
2173748.0,1588333057.417
2172678.0,1588333057.456
2171951.0,1588333057.497
2171056.0,1588333057.539
2170297.0,1588333057.577
2169873.0,1588333057.617
2169713.0,1588333057.659
2169719.0,1588333057.698
2169681.0,1588333057.739
2169660.0,1588333057.777
2169609.0,1588333057.816
2169606.0,1588333057.857
2169792.0,1588333057.938
2170293.0,1588333057.978
2169636.0,1588333057.898
2170324.0,1588333058.019
2166653.0,1588333058.058
2161147.0,1588333058.098
2155404.0,1588333058.138
2150321.0,1588333058.177
2145546.0,1588333058.217
2141291.0,1588333058.258
2136220.0,1588333058.339
2134194.0,1588333058.379
2138504.0,1588333058.298
2132121.0,1588333058.418
2131117.0,1588333058.459
2135186.0,1588333058.819
2130300.0,1588333058.577
2130209.0,1588333058.538
2130878.0,1588333058.658
2131712.0,1588333058.698
2132594.0,1588333058.74
2133631.0,1588333058.778
2130422.0,1588333058.618
2130437.0,1588333058.498
2136370.0,1588333058.86
2137810.0,1588333058.897
2139365.0,1588333058.938
2137014.0,1588333058.979
2127212.0,1588333059.058
2120123.0,1588333059.139
2117665.0,1588333059.179
2115324.0,1588333059.257
2114291.0,1588333059.298
2113328.0,1588333059.34
2112832.0,1588333059.378
2116173.0,1588333059.22
2123270.0,1588333059.099
2131812.0,1588333059.018
2112903.0,1588333059.418
2113938.0,1588333059.499
2113106.0,1588333059.461
2115560.0,1588333059.54
2118725.0,1588333059.62
2117093.0,1588333059.58
2120340.0,1588333059.658
2122129.0,1588333059.699
2123870.0,1588333059.739
2125844.0,1588333059.778
2127431.0,1588333059.82
2128483.0,1588333059.859
2124679.0,1588333059.899
2119777.0,1588333059.941
2115825.0,1588333059.98
2113597.0,1588333060.018
2112098.0,1588333060.059
2112083.0,1588333060.098
2112745.0,1588333060.139
2113418.0,1588333060.18
2113691.0,1588333060.219
2114437.0,1588333060.26
2115691.0,1588333060.301
2118295.0,1588333060.341
2124613.0,1588333060.419
2127937.0,1588333060.459
2131034.0,1588333060.499
2121571.0,1588333060.378
2133698.0,1588333060.541
2136076.0,1588333060.579
2138598.0,1588333060.62
2140696.0,1588333060.661
2139760.0,1588333060.7
2136195.0,1588333060.739
2133580.0,1588333060.78
2131668.0,1588333060.819
2130717.0,1588333060.859
2130169.0,1588333060.9
2130778.0,1588333060.94
2131279.0,1588333060.98
2131847.0,1588333061.021
2132086.0,1588333061.06
2135298.0,1588333061.179
2136817.0,1588333061.219
2138671.0,1588333061.261
2140793.0,1588333061.3
2132829.0,1588333061.101
2133913.0,1588333061.14
2142624.0,1588333061.341
2144361.0,1588333061.381
2146309.0,1588333061.421
2148654.0,1588333061.461
2148596.0,1588333061.5
2144901.0,1588333061.54
2140414.0,1588333061.58
2136872.0,1588333061.621
2133975.0,1588333061.66
2131358.0,1588333061.7
2129674.0,1588333061.742
2128370.0,1588333061.821
2127768.0,1588333061.899
2128417.0,1588333061.981
2128039.0,1588333061.94
2127944.0,1588333061.862
2128879.0,1588333061.781
2129273.0,1588333062.02
2131227.0,1588333062.102
2130095.0,1588333062.06
2132300.0,1588333062.141
2135629.0,1588333062.223
2133808.0,1588333062.181
2137421.0,1588333062.26
2139139.0,1588333062.3
2140694.0,1588333062.342
2141743.0,1588333062.38
2138978.0,1588333062.421
2134860.0,1588333062.462
2131626.0,1588333062.501
2128744.0,1588333062.542
2126440.0,1588333062.583
2124970.0,1588333062.62
2124134.0,1588333062.66
2123968.0,1588333062.701
2123745.0,1588333062.741
2123672.0,1588333062.781
2124029.0,1588333062.822
2125744.0,1588333062.902
2126641.0,1588333062.944
2129689.0,1588333063.02
2128074.0,1588333062.982
2131194.0,1588333063.061
2132723.0,1588333063.101
2134377.0,1588333063.142
2136028.0,1588333063.182
2137495.0,1588333063.221
2124601.0,1588333062.861
2139440.0,1588333063.262
2141188.0,1588333063.303
2142392.0,1588333063.343
2140503.0,1588333063.38
2138117.0,1588333063.422
2136456.0,1588333063.461
2134825.0,1588333063.501
2133349.0,1588333063.543
2132797.0,1588333063.582
2133142.0,1588333063.622
2133268.0,1588333063.663
2133933.0,1588333063.702
2134541.0,1588333063.741
2135255.0,1588333063.782
2137682.0,1588333063.861
2138931.0,1588333063.903
2140635.0,1588333063.942
2142236.0,1588333063.982
2136392.0,1588333063.821
2143696.0,1588333064.023
2145467.0,1588333064.063
2147459.0,1588333064.103
2149342.0,1588333064.143
2151387.0,1588333064.181
2153432.0,1588333064.221
2155247.0,1588333064.263
2154914.0,1588333064.302
2153116.0,1588333064.343
2151813.0,1588333064.384
2150628.0,1588333064.423
2150122.0,1588333064.464
2149976.0,1588333064.505
2150537.0,1588333064.544
2151061.0,1588333064.584
2152026.0,1588333064.625
2152586.0,1588333064.664
2153637.0,1588333064.704
2155435.0,1588333064.746
2156783.0,1588333064.784
2158231.0,1588333064.824
2159972.0,1588333064.865
2161563.0,1588333064.904
2163386.0,1588333064.945
2165366.0,1588333064.986
2167162.0,1588333065.025
2169103.0,1588333065.065
2171007.0,1588333065.107
2173985.0,1588333065.186
2172972.0,1588333065.147
2172107.0,1588333065.265
2171445.0,1588333065.305
2171586.0,1588333065.347
2171779.0,1588333065.385
2172564.0,1588333065.426
2172820.0,1588333065.228
2173671.0,1588333065.467
2174545.0,1588333065.506
2175290.0,1588333065.547
2176354.0,1588333065.588
2177776.0,1588333065.625
2179213.0,1588333065.665
2180760.0,1588333065.707
2182231.0,1588333065.746
2183883.0,1588333065.786
2185543.0,1588333065.827
2187466.0,1588333065.867
2189054.0,1588333065.907
2190771.0,1588333065.949
2192637.0,1588333065.987
2193603.0,1588333066.025
2192764.0,1588333066.067
2190663.0,1588333066.147
2189980.0,1588333066.227
2191313.0,1588333066.106
2190948.0,1588333066.308
2190281.0,1588333066.267
2191696.0,1588333066.348
2190099.0,1588333066.187
2193025.0,1588333066.427
2192334.0,1588333066.385
2194120.0,1588333066.466
2195149.0,1588333066.506
2197674.0,1588333066.587
2196393.0,1588333066.548
2200501.0,1588333066.668
2198988.0,1588333066.627
2203431.0,1588333066.746
2201999.0,1588333066.707
2206523.0,1588333066.826
2205028.0,1588333066.787
2209691.0,1588333066.908
2208169.0,1588333066.866
2209098.0,1588333066.948
2208005.0,1588333066.987
2207125.0,1588333067.028
2206722.0,1588333067.068
2206811.0,1588333067.148
2208689.0,1588333067.227
2207660.0,1588333067.186
2209228.0,1588333067.268
2209990.0,1588333067.307
2211677.0,1588333067.389
2210754.0,1588333067.348
2213879.0,1588333067.468
2212917.0,1588333067.428
2215124.0,1588333067.507
2206702.0,1588333067.108
2217531.0,1588333067.587
2216322.0,1588333067.547
2220058.0,1588333067.667
2218767.0,1588333067.628
2222911.0,1588333067.749
2221392.0,1588333067.708
2224240.0,1588333067.788
2226679.0,1588333067.87
2225663.0,1588333067.828
2223712.0,1588333067.948
2225469.0,1588333067.907
2222419.0,1588333067.988
2221234.0,1588333068.027
2220453.0,1588333068.068
2220060.0,1588333068.109
2219968.0,1588333068.149
2220518.0,1588333068.189
2220532.0,1588333068.23
2220939.0,1588333068.267
2221254.0,1588333068.307
2222666.0,1588333068.388
2221906.0,1588333068.349
2223511.0,1588333068.428
2224308.0,1588333068.469
2225488.0,1588333068.508
2226301.0,1588333068.549
2227539.0,1588333068.59
2228486.0,1588333068.629
2229693.0,1588333068.667
2230865.0,1588333068.708
2232178.0,1588333068.748
2233276.0,1588333068.788
2234207.0,1588333068.829
2232916.0,1588333068.868
2230928.0,1588333068.909
2229407.0,1588333068.951
2228418.0,1588333068.989
2227926.0,1588333069.029
2227540.0,1588333069.068
2228002.0,1588333069.149
2227864.0,1588333069.108
2228218.0,1588333069.189
2228511.0,1588333069.229
2229105.0,1588333069.269
2229765.0,1588333069.31
2230275.0,1588333069.35
2231395.0,1588333069.39
2232192.0,1588333069.429
2233159.0,1588333069.468
2233979.0,1588333069.508
2235121.0,1588333069.55
2235910.0,1588333069.589
2237068.0,1588333069.629
2238271.0,1588333069.67
2239522.0,1588333069.709
2240564.0,1588333069.75
2239581.0,1588333069.789
2237660.0,1588333069.828
2235912.0,1588333069.868
2234668.0,1588333069.91
2233810.0,1588333069.95
2233317.0,1588333069.989
2233415.0,1588333070.03
2233748.0,1588333070.07
2233689.0,1588333070.11
2233557.0,1588333070.152
2233950.0,1588333070.188
2235234.0,1588333070.27
2234518.0,1588333070.229
2236064.0,1588333070.309
2237766.0,1588333070.391
2238911.0,1588333070.43
2236811.0,1588333070.35
2239899.0,1588333070.47
2242322.0,1588333070.549
2243301.0,1588333070.589
2243833.0,1588333070.63
2241064.0,1588333070.511
2242123.0,1588333070.669
2240057.0,1588333070.709
2238235.0,1588333070.751
2236707.0,1588333070.79
2235668.0,1588333070.83
2235248.0,1588333070.871
2235167.0,1588333070.911
2234814.0,1588333070.949
2234367.0,1588333070.99
2234152.0,1588333071.029
2234169.0,1588333071.07
2234433.0,1588333071.111
2234838.0,1588333071.151
2235568.0,1588333071.19
2236021.0,1588333071.232
2236893.0,1588333071.271
2237717.0,1588333071.309
2238405.0,1588333071.351
2239322.0,1588333071.389
2240302.0,1588333071.43
2239839.0,1588333071.471
2233836.0,1588333071.551
2237123.0,1588333071.51
2231056.0,1588333071.592
2228983.0,1588333071.631
2226718.0,1588333071.671
2225568.0,1588333071.71
2224960.0,1588333071.75
2224433.0,1588333071.79
2223986.0,1588333071.831
2223711.0,1588333071.87
2223988.0,1588333071.911
2224392.0,1588333071.952
2225192.0,1588333071.991
2226106.0,1588333072.031
2227249.0,1588333072.073
2228206.0,1588333072.11
2229419.0,1588333072.151
2230675.0,1588333072.191
2232191.0,1588333072.23
2233599.0,1588333072.271
2235162.0,1588333072.312
2234892.0,1588333072.352
2231971.0,1588333072.392
2229183.0,1588333072.433
2226450.0,1588333072.47
2224438.0,1588333072.51
2222494.0,1588333072.552
2221261.0,1588333072.591
2221113.0,1588333072.631
2220999.0,1588333072.672
2220694.0,1588333072.711
2220805.0,1588333072.752
2221344.0,1588333072.793
2222039.0,1588333072.832
2222898.0,1588333072.87
2224684.0,1588333072.951
2225274.0,1588333072.991
2226086.0,1588333073.032
2226780.0,1588333073.071
2227978.0,1588333073.112
2228858.0,1588333073.154
2229915.0,1588333073.192
2231210.0,1588333073.23
2232639.0,1588333073.272
2232067.0,1588333073.311
2228683.0,1588333073.352
2223799.0,1588333072.911
2219443.0,1588333073.472
2217101.0,1588333073.513
2221976.0,1588333073.432
2225005.0,1588333073.392
2215714.0,1588333073.553
2215086.0,1588333073.593
2214505.0,1588333073.632
2214057.0,1588333073.671
2213459.0,1588333073.711
2213729.0,1588333073.792
2213510.0,1588333073.753
2215012.0,1588333073.873
2214080.0,1588333073.832
2216488.0,1588333073.953
2215670.0,1588333073.912
2217686.0,1588333073.992
2218715.0,1588333074.031
2220024.0,1588333074.071
2221399.0,1588333074.113
2222765.0,1588333074.153
2224214.0,1588333074.192
2225993.0,1588333074.234
2225001.0,1588333074.273
2221463.0,1588333074.313
2218002.0,1588333074.353
2214996.0,1588333074.391
2210228.0,1588333074.473
2212273.0,1588333074.432
2208392.0,1588333074.553
2207848.0,1588333074.594
2207128.0,1588333074.633
2206975.0,1588333074.673
2207063.0,1588333074.714
2208967.0,1588333074.512
2207747.0,1588333074.752
2208895.0,1588333074.833
2209884.0,1588333074.872
2208196.0,1588333074.792
2211024.0,1588333074.912
2213454.0,1588333074.993
2212397.0,1588333074.954
2216596.0,1588333075.074
2218157.0,1588333075.114
2219580.0,1588333075.152
2219821.0,1588333075.193
2216196.0,1588333075.232
2215220.0,1588333075.033
2212270.0,1588333075.273
2206193.0,1588333075.354
2208907.0,1588333075.314
2203764.0,1588333075.393
2201752.0,1588333075.474
2202336.0,1588333075.435
2200979.0,1588333075.512
2200200.0,1588333075.554
2199949.0,1588333075.592
2200225.0,1588333075.633
2200643.0,1588333075.674
2201349.0,1588333075.713
2202243.0,1588333075.754
2204290.0,1588333075.834
2205649.0,1588333075.874
2203282.0,1588333075.795
2207048.0,1588333075.913
2210080.0,1588333075.993
2211538.0,1588333076.034
2208495.0,1588333075.953
2213286.0,1588333076.073
2214120.0,1588333076.114
2211063.0,1588333076.155
2204111.0,1588333076.234
2199943.0,1588333076.313
2201919.0,1588333076.274
2207362.0,1588333076.194
2198873.0,1588333076.354
2198440.0,1588333076.394
2198038.0,1588333076.432
2197496.0,1588333076.472
2197383.0,1588333076.513
2197532.0,1588333076.553
2198147.0,1588333076.592
2198928.0,1588333076.634
2200940.0,1588333076.713
2199726.0,1588333076.673
2201966.0,1588333076.755
2203212.0,1588333076.793
2204671.0,1588333076.833
2206104.0,1588333076.874
2207742.0,1588333076.914
2208933.0,1588333076.955
2207282.0,1588333076.995
2203057.0,1588333077.034
2199339.0,1588333077.074
2196552.0,1588333077.116
2194095.0,1588333077.156
2192250.0,1588333077.195
2191798.0,1588333077.237
2191262.0,1588333077.276
2190473.0,1588333077.316
2189899.0,1588333077.356
2190202.0,1588333077.435
2190888.0,1588333077.476
2191492.0,1588333077.515
2192379.0,1588333077.556
2193397.0,1588333077.597
2194041.0,1588333077.636
2195280.0,1588333077.676
2189845.0,1588333077.394
2196278.0,1588333077.717
2197472.0,1588333077.755
2198115.0,1588333077.795
2194432.0,1588333077.836
2183772.0,1588333077.916
2175014.0,1588333077.996
2171390.0,1588333078.036
2188950.0,1588333077.875
2179390.0,1588333077.958
2169246.0,1588333078.078
2165445.0,1588333078.156
2164253.0,1588333078.197
2163141.0,1588333078.236
2162803.0,1588333078.276
2162531.0,1588333078.317
2162585.0,1588333078.357
2162794.0,1588333078.397
2163290.0,1588333078.438
2163512.0,1588333078.475
2167458.0,1588333078.115
2164239.0,1588333078.515
2164903.0,1588333078.557
2165503.0,1588333078.596
2166394.0,1588333078.636
2166395.0,1588333078.677
2161315.0,1588333078.717
2154830.0,1588333078.758
2149204.0,1588333078.798
2138629.0,1588333078.875
2143700.0,1588333078.837
2132496.0,1588333078.956
2130318.0,1588333078.996
2134955.0,1588333078.917
2126350.0,1588333079.077
2125205.0,1588333079.117
2128274.0,1588333079.037
2124807.0,1588333079.159
2124531.0,1588333079.197
2124373.0,1588333079.236
2124885.0,1588333079.277
2125158.0,1588333079.316
2126022.0,1588333079.357
2126654.0,1588333079.398
2127543.0,1588333079.437
2128548.0,1588333079.477
2130017.0,1588333079.518
2131124.0,1588333079.558
2132383.0,1588333079.598
2129445.0,1588333079.637
2122887.0,1588333079.676
2117214.0,1588333079.716
2112269.0,1588333079.758
2107349.0,1588333079.797
2103651.0,1588333079.837
2101189.0,1588333079.878
2099627.0,1588333079.918
2097774.0,1588333079.959
2096127.0,1588333079.999
2095157.0,1588333080.036
2094893.0,1588333080.076
2094896.0,1588333080.118
2095100.0,1588333080.158
2095374.0,1588333080.197
2096349.0,1588333080.239
2097074.0,1588333080.278
2098217.0,1588333080.318
2099346.0,1588333080.36
2100677.0,1588333080.396
2103826.0,1588333080.478
2102120.0,1588333080.437
2105562.0,1588333080.517
2106179.0,1588333080.558
2101053.0,1588333080.599
2094930.0,1588333080.638
2090039.0,1588333080.678
2085839.0,1588333080.719
2082230.0,1588333080.759
2079648.0,1588333080.797
2078764.0,1588333080.838
2077563.0,1588333080.877
2075591.0,1588333080.959
2075723.0,1588333080.997
2076498.0,1588333080.917
2076043.0,1588333081.038
2076892.0,1588333081.079
2077969.0,1588333081.118
2079049.0,1588333081.159
2080555.0,1588333081.2
2081932.0,1588333081.237
2083560.0,1588333081.277
2085344.0,1588333081.319
2089193.0,1588333081.398
2086940.0,1588333081.358
2091175.0,1588333081.439
2089152.0,1588333081.479
2083561.0,1588333081.519
2078925.0,1588333081.561
2075561.0,1588333081.599
2072741.0,1588333081.637
2070826.0,1588333081.679
2070353.0,1588333081.718
2069984.0,1588333081.759
2070276.0,1588333081.92
2069489.0,1588333081.799
2069088.0,1588333081.838
2069363.0,1588333081.879
2072741.0,1588333082.0
2071350.0,1588333081.96
2074249.0,1588333082.039
2076006.0,1588333082.078
2077870.0,1588333082.118
2079717.0,1588333082.16
2081533.0,1588333082.199
2083638.0,1588333082.239
2085977.0,1588333082.28
2087583.0,1588333082.319
2083126.0,1588333082.36
2077493.0,1588333082.399
2073100.0,1588333082.438
2069607.0,1588333082.478
2066793.0,1588333082.52
2064817.0,1588333082.559
2064038.0,1588333082.599
2063583.0,1588333082.64
2063091.0,1588333082.679
2062988.0,1588333082.72
2063382.0,1588333082.762
2064416.0,1588333082.798
2065724.0,1588333082.838
2067381.0,1588333082.88
2069047.0,1588333082.919
2070594.0,1588333082.96
2072513.0,1588333083.0
2075054.0,1588333083.04
2076874.0,1588333083.08
2079311.0,1588333083.121
2081167.0,1588333083.161
2083672.0,1588333083.198
2083293.0,1588333083.24
2078172.0,1588333083.279
2072999.0,1588333083.319
2069266.0,1588333083.361
2065893.0,1588333083.4
2063146.0,1588333083.44
2061679.0,1588333083.481
2061077.0,1588333083.52
2060651.0,1588333083.561
2060543.0,1588333083.6
2061057.0,1588333083.679
2060479.0,1588333083.639
2062293.0,1588333083.721
2063683.0,1588333083.76
2065092.0,1588333083.8
2067009.0,1588333083.841
2071134.0,1588333083.921
2069091.0,1588333083.88
2073303.0,1588333083.963
2075575.0,1588333083.999
