bvp,time
7.29,1669796246.234375
6.36,1669796246.25
5.49,1669796246.265625
4.63,1669796246.28125
3.71,1669796246.296875
2.73,1669796246.3125
1.69,1669796246.328125
0.65,1669796246.34375
-0.34,1669796246.359375
-1.27,1669796246.375
-2.11,1669796246.390625
-2.89,1669796246.40625
-3.55,1669796246.421875
-4.05,1669796246.4375
-4.32,1669796246.453125
-4.28,1669796246.46875
-3.9,1669796246.484375
-3.24,1669796246.5
-2.45,1669796246.515625
-1.7,1669796246.53125
-1.15,1669796246.546875
-0.88,1669796246.5625
-0.86,1669796246.578125
-1.0,1669796246.59375
-1.21,1669796246.609375
-1.41,1669796246.625
-1.63,1669796246.640625
-1.88,1669796246.65625
-2.13,1669796246.671875
-2.29,1669796246.6875
-2.26,1669796246.703125
-1.95,1669796246.71875
-1.43,1669796246.734375
-0.89,1669796246.75
-0.57,1669796246.765625
-0.61,1669796246.78125
-0.96,1669796246.796875
-1.28,1669796246.8125
-1.17,1669796246.828125
-0.35,1669796246.84375
1.2,1669796246.859375
3.19,1669796246.875
5.08,1669796246.890625
6.46,1669796246.90625
7.09,1669796246.921875
7.0,1669796246.9375
6.31,1669796246.953125
5.11,1669796246.96875
3.37,1669796246.984375
1.0,1669796247.0
-1.95,1669796247.015625
-5.2,1669796247.03125
-8.23,1669796247.046875
-10.49,1669796247.0625
-11.6,1669796247.078125
-11.45,1669796247.09375
-10.24,1669796247.109375
-8.28,1669796247.125
-5.78,1669796247.140625
-2.84,1669796247.15625
0.61,1669796247.171875
4.65,1669796247.1875
9.25,1669796247.203125
14.29,1669796247.21875
19.58,1669796247.234375
24.91,1669796247.25
30.12,1669796247.265625
35.17,1669796247.28125
40.05,1669796247.296875
44.66,1669796247.3125
48.84,1669796247.328125
52.37,1669796247.34375
55.01,1669796247.359375
56.54,1669796247.375
56.77,1669796247.390625
55.41,1669796247.40625
52.1,1669796247.421875
46.47,1669796247.4375
38.37,1669796247.453125
28.11,1669796247.46875
16.6,1669796247.484375
5.23,1669796247.5
-4.45,1669796247.515625
-11.25,1669796247.53125
-14.63,1669796247.546875
-14.8,1669796247.5625
-12.62,1669796247.578125
-9.26,1669796247.59375
-6.02,1669796247.609375
-4.0,1669796247.625
-3.98,1669796247.640625
-6.15,1669796247.65625
-10.14,1669796247.671875
-15.09,1669796247.6875
-19.91,1669796247.703125
-23.67,1669796247.71875
-25.91,1669796247.734375
-26.69,1669796247.75
-26.4,1669796247.765625
-25.57,1669796247.78125
-24.53,1669796247.796875
-23.41,1669796247.8125
-22.11,1669796247.828125
-20.56,1669796247.84375
-18.8,1669796247.859375
-17.02,1669796247.875
-15.44,1669796247.890625
-14.23,1669796247.90625
-13.39,1669796247.921875
-12.8,1669796247.9375
-12.24,1669796247.953125
-11.57,1669796247.96875
-10.79,1669796247.984375
-10.0,1669796248.0
-9.37,1669796248.015625
-8.97,1669796248.03125
-8.78,1669796248.046875
-8.64,1669796248.0625
-8.39,1669796248.078125
-7.91,1669796248.09375
-7.24,1669796248.109375
-6.49,1669796248.125
-5.77,1669796248.140625
-5.11,1669796248.15625
-4.42,1669796248.171875
-3.54,1669796248.1875
-2.33,1669796248.203125
-0.82,1669796248.21875
0.8,1669796248.234375
2.21,1669796248.25
3.04,1669796248.265625
3.03,1669796248.28125
2.15,1669796248.296875
0.62,1669796248.3125
-1.13,1669796248.328125
-2.66,1669796248.34375
-3.63,1669796248.359375
-3.93,1669796248.375
-3.65,1669796248.390625
-3.05,1669796248.40625
-2.38,1669796248.421875
-1.79,1669796248.4375
-1.27,1669796248.453125
-0.78,1669796248.46875
-0.28,1669796248.484375
0.18,1669796248.5
0.49,1669796248.515625
0.55,1669796248.53125
0.34,1669796248.546875
-0.01,1669796248.5625
-0.41,1669796248.578125
-0.78,1669796248.59375
-1.12,1669796248.609375
-1.5,1669796248.625
-1.94,1669796248.640625
-2.44,1669796248.65625
-2.88,1669796248.671875
-3.21,1669796248.6875
-3.35,1669796248.703125
-3.26,1669796248.71875
-2.94,1669796248.734375
-2.34,1669796248.75
-1.42,1669796248.765625
-0.18,1669796248.78125
1.26,1669796248.796875
2.69,1669796248.8125
3.91,1669796248.828125
4.75,1669796248.84375
5.22,1669796248.859375
5.38,1669796248.875
5.38,1669796248.890625
5.31,1669796248.90625
5.21,1669796248.921875
5.08,1669796248.9375
4.92,1669796248.953125
4.74,1669796248.96875
4.59,1669796248.984375
4.52,1669796249.0
4.52,1669796249.015625
4.56,1669796249.03125
4.55,1669796249.046875
4.45,1669796249.0625
4.25,1669796249.078125
3.98,1669796249.09375
3.69,1669796249.109375
3.42,1669796249.125
3.14,1669796249.140625
2.82,1669796249.15625
2.48,1669796249.171875
2.16,1669796249.1875
1.95,1669796249.203125
1.93,1669796249.21875
2.12,1669796249.234375
2.46,1669796249.25
2.85,1669796249.265625
3.16,1669796249.28125
3.36,1669796249.296875
3.39,1669796249.3125
3.24,1669796249.328125
2.9,1669796249.34375
2.36,1669796249.359375
1.73,1669796249.375
1.11,1669796249.390625
0.64,1669796249.40625
0.37,1669796249.421875
0.27,1669796249.4375
0.22,1669796249.453125
0.13,1669796249.46875
-0.01,1669796249.484375
-0.17,1669796249.5
-0.27,1669796249.515625
-0.28,1669796249.53125
-0.23,1669796249.546875
-0.17,1669796249.5625
-0.08,1669796249.578125
0.11,1669796249.59375
0.49,1669796249.609375
1.08,1669796249.625
1.76,1669796249.640625
2.39,1669796249.65625
2.8,1669796249.671875
2.96,1669796249.6875
2.9,1669796249.703125
2.73,1669796249.71875
2.54,1669796249.734375
2.31,1669796249.75
2.0,1669796249.765625
1.55,1669796249.78125
1.05,1669796249.796875
0.61,1669796249.8125
0.42,1669796249.828125
0.56,1669796249.84375
1.05,1669796249.859375
1.73,1669796249.875
2.44,1669796249.890625
3.03,1669796249.90625
3.37,1669796249.921875
3.41,1669796249.9375
3.13,1669796249.953125
2.56,1669796249.96875
1.75,1669796249.984375
0.79,1669796250.0
-0.17,1669796250.015625
-0.95,1669796250.03125
-1.42,1669796250.046875
-1.57,1669796250.0625
-1.47,1669796250.078125
-1.31,1669796250.09375
-1.2,1669796250.109375
-1.15,1669796250.125
-1.07,1669796250.140625
-0.8,1669796250.15625
-0.28,1669796250.171875
0.42,1669796250.1875
1.11,1669796250.203125
1.61,1669796250.21875
1.83,1669796250.234375
1.86,1669796250.25
1.85,1669796250.265625
1.94,1669796250.28125
2.16,1669796250.296875
2.45,1669796250.3125
2.79,1669796250.328125
3.22,1669796250.34375
3.81,1669796250.359375
4.58,1669796250.375
5.35,1669796250.390625
5.82,1669796250.40625
5.7,1669796250.421875
4.91,1669796250.4375
3.6,1669796250.453125
2.16,1669796250.46875
0.99,1669796250.484375
0.33,1669796250.5
0.14,1669796250.515625
0.22,1669796250.53125
0.28,1669796250.546875
0.17,1669796250.5625
-0.17,1669796250.578125
-0.62,1669796250.59375
-1.04,1669796250.609375
-1.34,1669796250.625
-1.46,1669796250.640625
-1.38,1669796250.65625
-1.17,1669796250.671875
-0.86,1669796250.6875
-0.52,1669796250.703125
-0.2,1669796250.71875
0.06,1669796250.734375
0.31,1669796250.75
0.57,1669796250.765625
0.88,1669796250.78125
1.28,1669796250.796875
1.74,1669796250.8125
2.22,1669796250.828125
2.64,1669796250.84375
2.93,1669796250.859375
3.04,1669796250.875
2.93,1669796250.890625
2.63,1669796250.90625
2.2,1669796250.921875
1.68,1669796250.9375
1.17,1669796250.953125
0.7,1669796250.96875
0.31,1669796250.984375
-0.0,1669796251.0
-0.25,1669796251.015625
-0.45,1669796251.03125
-0.63,1669796251.046875
-0.8,1669796251.0625
-0.94,1669796251.078125
-1.06,1669796251.09375
-1.12,1669796251.109375
-1.13,1669796251.125
-1.13,1669796251.140625
-1.1,1669796251.15625
-1.07,1669796251.171875
-1.03,1669796251.1875
-0.98,1669796251.203125
-0.94,1669796251.21875
-0.95,1669796251.234375
-1.03,1669796251.25
-1.19,1669796251.265625
-1.38,1669796251.28125
-1.52,1669796251.296875
-1.6,1669796251.3125
-1.63,1669796251.328125
-1.67,1669796251.34375
-1.77,1669796251.359375
-1.94,1669796251.375
-2.14,1669796251.390625
-2.31,1669796251.40625
-2.43,1669796251.421875
-2.53,1669796251.4375
-2.67,1669796251.453125
-2.86,1669796251.46875
-2.99,1669796251.484375
-2.93,1669796251.5
-2.59,1669796251.515625
-2.03,1669796251.53125
-1.44,1669796251.546875
-1.05,1669796251.5625
-1.03,1669796251.578125
-1.33,1669796251.59375
-1.78,1669796251.609375
-2.11,1669796251.625
-2.16,1669796251.640625
-1.86,1669796251.65625
-1.3,1669796251.671875
-0.59,1669796251.6875
0.17,1669796251.703125
0.96,1669796251.71875
1.76,1669796251.734375
2.53,1669796251.75
3.18,1669796251.765625
3.59,1669796251.78125
3.74,1669796251.796875
3.67,1669796251.8125
3.51,1669796251.828125
3.35,1669796251.84375
3.27,1669796251.859375
3.23,1669796251.875
3.1,1669796251.890625
2.81,1669796251.90625
2.29,1669796251.921875
1.59,1669796251.9375
0.78,1669796251.953125
-0.04,1669796251.96875
-0.83,1669796251.984375
-1.54,1669796252.0
-2.11,1669796252.015625
-2.48,1669796252.03125
-2.61,1669796252.046875
-2.46,1669796252.0625
-2.1,1669796252.078125
-1.64,1669796252.09375
-1.16,1669796252.109375
-0.75,1669796252.125
-0.4,1669796252.140625
-0.1,1669796252.15625
0.14,1669796252.171875
0.26,1669796252.1875
0.21,1669796252.203125
-0.04,1669796252.21875
-0.47,1669796252.234375
-1.01,1669796252.25
-1.57,1669796252.265625
-2.07,1669796252.28125
-2.44,1669796252.296875
-2.59,1669796252.3125
-2.44,1669796252.328125
-2.0,1669796252.34375
-1.37,1669796252.359375
-0.74,1669796252.375
-0.35,1669796252.390625
-0.32,1669796252.40625
-0.63,1669796252.421875
-1.1,1669796252.4375
-1.52,1669796252.453125
-1.75,1669796252.46875
-1.8,1669796252.484375
-1.7,1669796252.5
-1.52,1669796252.515625
-1.22,1669796252.53125
-0.7,1669796252.546875
0.06,1669796252.5625
0.94,1669796252.578125
1.7,1669796252.59375
2.11,1669796252.609375
2.08,1669796252.625
1.68,1669796252.640625
1.16,1669796252.65625
0.73,1669796252.671875
0.52,1669796252.6875
0.48,1669796252.703125
0.48,1669796252.71875
0.46,1669796252.734375
0.4,1669796252.75
0.4,1669796252.765625
0.55,1669796252.78125
0.86,1669796252.796875
1.24,1669796252.8125
1.56,1669796252.828125
1.71,1669796252.84375
1.7,1669796252.859375
1.61,1669796252.875
1.52,1669796252.890625
1.47,1669796252.90625
1.43,1669796252.921875
1.33,1669796252.9375
1.14,1669796252.953125
0.91,1669796252.96875
0.71,1669796252.984375
0.61,1669796253.0
0.62,1669796253.015625
0.7,1669796253.03125
0.79,1669796253.046875
0.86,1669796253.0625
0.95,1669796253.078125
1.12,1669796253.09375
1.41,1669796253.109375
1.78,1669796253.125
2.17,1669796253.140625
2.51,1669796253.15625
2.73,1669796253.171875
2.81,1669796253.1875
2.76,1669796253.203125
2.61,1669796253.21875
2.44,1669796253.234375
2.3,1669796253.25
2.27,1669796253.265625
2.35,1669796253.28125
2.5,1669796253.296875
2.63,1669796253.3125
2.67,1669796253.328125
2.6,1669796253.34375
2.45,1669796253.359375
2.26,1669796253.375
2.03,1669796253.390625
1.73,1669796253.40625
1.3,1669796253.421875
0.75,1669796253.4375
0.21,1669796253.453125
-0.16,1669796253.46875
-0.29,1669796253.484375
-0.25,1669796253.5
-0.26,1669796253.515625
-0.52,1669796253.53125
-1.17,1669796253.546875
-2.14,1669796253.5625
-3.18,1669796253.578125
-4.0,1669796253.59375
-4.36,1669796253.609375
-4.23,1669796253.625
-3.69,1669796253.640625
-2.95,1669796253.65625
-2.22,1669796253.671875
-1.68,1669796253.6875
-1.39,1669796253.703125
-1.29,1669796253.71875
-1.22,1669796253.734375
-0.94,1669796253.75
-0.19,1669796253.765625
1.24,1669796253.78125
3.5,1669796253.796875
6.7,1669796253.8125
10.81,1669796253.828125
15.66,1669796253.84375
20.9,1669796253.859375
26.02,1669796253.875
30.48,1669796253.890625
33.88,1669796253.90625
36.04,1669796253.921875
36.93,1669796253.9375
36.66,1669796253.953125
35.37,1669796253.96875
33.26,1669796253.984375
30.7,1669796254.0
28.19,1669796254.015625
26.37,1669796254.03125
25.77,1669796254.046875
26.61,1669796254.0625
28.64,1669796254.078125
31.2,1669796254.09375
33.38,1669796254.109375
34.34,1669796254.125
33.64,1669796254.140625
31.37,1669796254.15625
28.1,1669796254.171875
24.66,1669796254.1875
21.78,1669796254.203125
19.75,1669796254.21875
18.17,1669796254.234375
16.0,1669796254.25
11.99,1669796254.265625
5.24,1669796254.28125
-4.22,1669796254.296875
-15.3,1669796254.3125
-25.99,1669796254.328125
-34.19,1669796254.34375
-38.54,1669796254.359375
-38.97,1669796254.375
-36.79,1669796254.390625
-34.06,1669796254.40625
-32.78,1669796254.421875
-34.13,1669796254.4375
-38.17,1669796254.453125
-43.94,1669796254.46875
-49.81,1669796254.484375
-53.91,1669796254.5
-54.37,1669796254.515625
-49.68,1669796254.53125
-39.02,1669796254.546875
-22.76,1669796254.5625
-2.5,1669796254.578125
19.14,1669796254.59375
39.2,1669796254.609375
55.24,1669796254.625
65.92,1669796254.640625
71.06,1669796254.65625
71.3,1669796254.671875
67.61,1669796254.6875
60.95,1669796254.703125
52.34,1669796254.71875
43.02,1669796254.734375
34.69,1669796254.75
29.29,1669796254.765625
28.4,1669796254.78125
32.43,1669796254.796875
39.98,1669796254.8125
47.97,1669796254.828125
52.56,1669796254.84375
50.83,1669796254.859375
42.05,1669796254.875
28.28,1669796254.890625
13.39,1669796254.90625
1.16,1669796254.921875
-6.6,1669796254.9375
-10.78,1669796254.953125
-14.18,1669796254.96875
-19.67,1669796254.984375
-28.37,1669796255.0
-39.05,1669796255.015625
-49.03,1669796255.03125
-55.85,1669796255.046875
-58.73,1669796255.0625
-58.92,1669796255.078125
-58.74,1669796255.09375
-60.21,1669796255.109375
-63.9,1669796255.125
-68.86,1669796255.140625
-73.31,1669796255.15625
-75.83,1669796255.171875
-76.03,1669796255.1875
-74.66,1669796255.203125
-73.06,1669796255.21875
-72.47,1669796255.234375
-73.52,1669796255.25
-76.15,1669796255.265625
-79.78,1669796255.28125
-83.63,1669796255.296875
-87.02,1669796255.3125
-89.59,1669796255.328125
-91.39,1669796255.34375
-92.79,1669796255.359375
-94.36,1669796255.375
-96.63,1669796255.390625
-99.84,1669796255.40625
-103.85,1669796255.421875
-108.0,1669796255.4375
-111.14,1669796255.453125
-111.81,1669796255.46875
-108.38,1669796255.484375
-99.51,1669796255.5
-84.64,1669796255.515625
-64.38,1669796255.53125
-40.71,1669796255.546875
-16.4,1669796255.5625
5.7,1669796255.578125
23.62,1669796255.59375
36.75,1669796255.609375
45.67,1669796255.625
51.58,1669796255.640625
55.52,1669796255.65625
58.03,1669796255.671875
59.2,1669796255.6875
59.06,1669796255.703125
57.84,1669796255.71875
56.02,1669796255.734375
53.97,1669796255.75
51.64,1669796255.765625
48.29,1669796255.78125
42.75,1669796255.796875
33.8,1669796255.8125
20.74,1669796255.828125
3.74,1669796255.84375
-16.19,1669796255.859375
-37.51,1669796255.875
-58.73,1669796255.890625
-78.8,1669796255.90625
-97.44,1669796255.921875
-115.0,1669796255.9375
-132.07,1669796255.953125
-149.05,1669796255.96875
-165.75,1669796255.984375
-181.38,1669796256.0
-194.58,1669796256.015625
-203.73,1669796256.03125
-207.2,1669796256.046875
-203.64,1669796256.0625
-192.33,1669796256.078125
-173.55,1669796256.09375
-148.76,1669796256.109375
-120.45,1669796256.125
-91.64,1669796256.140625
-65.08,1669796256.15625
-42.58,1669796256.171875
-24.65,1669796256.1875
-10.73,1669796256.203125
0.28,1669796256.21875
9.48,1669796256.234375
17.57,1669796256.25
24.96,1669796256.265625
31.9,1669796256.28125
38.73,1669796256.296875
45.79,1669796256.3125
53.24,1669796256.328125
60.91,1669796256.34375
68.31,1669796256.359375
74.81,1669796256.375
79.92,1669796256.390625
83.57,1669796256.40625
86.04,1669796256.421875
87.96,1669796256.4375
89.96,1669796256.453125
92.42,1669796256.46875
95.38,1669796256.484375
98.48,1669796256.5
101.15,1669796256.515625
102.88,1669796256.53125
103.39,1669796256.546875
102.72,1669796256.5625
101.21,1669796256.578125
99.26,1669796256.59375
97.2,1669796256.609375
95.1,1669796256.625
92.91,1669796256.640625
90.48,1669796256.65625
87.74,1669796256.671875
84.74,1669796256.6875
81.63,1669796256.703125
78.49,1669796256.71875
75.21,1669796256.734375
71.55,1669796256.75
67.16,1669796256.765625
61.79,1669796256.78125
55.45,1669796256.796875
48.44,1669796256.8125
41.29,1669796256.828125
34.53,1669796256.84375
28.49,1669796256.859375
23.14,1669796256.875
18.16,1669796256.890625
13.07,1669796256.90625
7.41,1669796256.921875
0.97,1669796256.9375
-6.15,1669796256.953125
-13.6,1669796256.96875
-20.87,1669796256.984375
-27.53,1669796257.0
-33.41,1669796257.015625
-38.73,1669796257.03125
-44.07,1669796257.046875
-50.32,1669796257.0625
-58.39,1669796257.078125
-68.83,1669796257.09375
-81.39,1669796257.109375
-94.7,1669796257.125
-106.31,1669796257.140625
-113.18,1669796257.15625
-112.58,1669796257.171875
-103.04,1669796257.1875
-84.93,1669796257.203125
-60.49,1669796257.21875
-33.26,1669796257.234375
-7.03,1669796257.25
15.15,1669796257.265625
31.63,1669796257.28125
42.31,1669796257.296875
48.24,1669796257.3125
50.92,1669796257.328125
51.72,1669796257.34375
51.54,1669796257.359375
50.76,1669796257.375
49.55,1669796257.390625
48.09,1669796257.40625
46.7,1669796257.421875
45.84,1669796257.4375
45.87,1669796257.453125
46.86,1669796257.46875
48.56,1669796257.484375
50.59,1669796257.5
52.67,1669796257.515625
54.75,1669796257.53125
56.98,1669796257.546875
59.51,1669796257.5625
62.26,1669796257.578125
64.92,1669796257.59375
66.99,1669796257.609375
67.97,1669796257.625
67.6,1669796257.640625
65.9,1669796257.65625
63.15,1669796257.671875
59.81,1669796257.6875
56.38,1669796257.703125
53.24,1669796257.71875
50.59,1669796257.734375
48.3,1669796257.75
46.01,1669796257.765625
43.22,1669796257.78125
39.5,1669796257.796875
34.7,1669796257.8125
29.06,1669796257.828125
23.13,1669796257.84375
17.56,1669796257.859375
12.76,1669796257.875
8.73,1669796257.890625
5.02,1669796257.90625
0.93,1669796257.921875
-4.18,1669796257.9375
-10.58,1669796257.953125
-18.13,1669796257.96875
-26.3,1669796257.984375
-34.42,1669796258.0
-42.02,1669796258.015625
-48.86,1669796258.03125
-55.13,1669796258.046875
-61.29,1669796258.0625
-68.07,1669796258.078125
-76.29,1669796258.09375
-86.69,1669796258.109375
-99.58,1669796258.125
-114.27,1669796258.140625
-128.97,1669796258.15625
-140.76,1669796258.171875
-146.47,1669796258.1875
-143.61,1669796258.203125
-131.36,1669796258.21875
-110.94,1669796258.234375
-85.25,1669796258.25
-57.9,1669796258.265625
-32.06,1669796258.28125
-9.83,1669796258.296875
8.05,1669796258.3125
21.84,1669796258.328125
32.31,1669796258.34375
40.38,1669796258.359375
46.79,1669796258.375
52.17,1669796258.390625
56.85,1669796258.40625
60.99,1669796258.421875
64.56,1669796258.4375
67.42,1669796258.453125
69.46,1669796258.46875
70.68,1669796258.484375
71.17,1669796258.5
71.14,1669796258.515625
70.9,1669796258.53125
70.81,1669796258.546875
71.25,1669796258.5625
72.46,1669796258.578125
74.43,1669796258.59375
76.81,1669796258.609375
78.98,1669796258.625
80.31,1669796258.640625
80.42,1669796258.65625
79.33,1669796258.671875
77.38,1669796258.6875
74.95,1669796258.703125
72.28,1669796258.71875
69.25,1669796258.734375
65.58,1669796258.75
61.03,1669796258.765625
55.62,1669796258.78125
49.7,1669796258.796875
43.75,1669796258.8125
38.22,1669796258.828125
33.29,1669796258.84375
28.86,1669796258.859375
24.58,1669796258.875
20.04,1669796258.890625
14.94,1669796258.90625
9.24,1669796258.921875
3.17,1669796258.9375
-2.76,1669796258.953125
-7.95,1669796258.96875
-11.95,1669796258.984375
-14.66,1669796259.0
-16.47,1669796259.015625
-18.17,1669796259.03125
-20.6,1669796259.046875
-24.33,1669796259.0625
-29.41,1669796259.078125
-35.37,1669796259.09375
-41.53,1669796259.109375
-47.35,1669796259.125
-52.78,1669796259.140625
-58.33,1669796259.15625
-64.87,1669796259.171875
-73.39,1669796259.1875
-84.54,1669796259.203125
-98.4,1669796259.21875
-114.1,1669796259.234375
-129.76,1669796259.25
-142.58,1669796259.265625
-149.38,1669796259.28125
-147.44,1669796259.296875
-135.44,1669796259.3125
-114.03,1669796259.328125
-85.8,1669796259.34375
-54.53,1669796259.359375
-24.1,1669796259.375
2.51,1669796259.390625
23.78,1669796259.40625
39.55,1669796259.421875
50.59,1669796259.4375
58.04,1669796259.453125
63.07,1669796259.46875
66.66,1669796259.484375
69.57,1669796259.5
72.29,1669796259.515625
75.0,1669796259.53125
77.52,1669796259.546875
79.51,1669796259.5625
80.58,1669796259.578125
80.52,1669796259.59375
79.48,1669796259.609375
77.94,1669796259.625
76.55,1669796259.640625
75.94,1669796259.65625
76.53,1669796259.671875
78.33,1669796259.6875
81.01,1669796259.703125
83.93,1669796259.71875
86.35,1669796259.734375
87.58,1669796259.75
87.2,1669796259.765625
85.15,1669796259.78125
81.74,1669796259.796875
77.6,1669796259.8125
73.45,1669796259.828125
69.81,1669796259.84375
66.89,1669796259.859375
64.46,1669796259.875
62.0,1669796259.890625
58.98,1669796259.90625
55.07,1669796259.921875
50.41,1669796259.9375
45.45,1669796259.953125
40.87,1669796259.96875
37.19,1669796259.984375
34.66,1669796260.0
33.09,1669796260.015625
32.04,1669796260.03125
30.93,1669796260.046875
29.32,1669796260.0625
27.03,1669796260.078125
24.24,1669796260.09375
21.36,1669796260.109375
18.83,1669796260.125
16.92,1669796260.140625
15.48,1669796260.15625
13.91,1669796260.171875
11.3,1669796260.1875
6.73,1669796260.203125
-0.33,1669796260.21875
-9.82,1669796260.234375
-21.13,1669796260.25
-33.27,1669796260.265625
-45.32,1669796260.28125
-56.73,1669796260.296875
-67.42,1669796260.3125
-77.79,1669796260.328125
-88.47,1669796260.34375
-100.16,1669796260.359375
-113.43,1669796260.375
-128.45,1669796260.390625
-144.57,1669796260.40625
-160.06,1669796260.421875
-172.11,1669796260.4375
-177.43,1669796260.453125
-173.27,1669796260.46875
-158.61,1669796260.484375
-134.71,1669796260.5
-104.9,1669796260.515625
-73.54,1669796260.53125
-44.53,1669796260.546875
-20.35,1669796260.5625
-1.71,1669796260.578125
12.01,1669796260.59375
22.0,1669796260.609375
29.37,1669796260.625
34.9,1669796260.640625
39.17,1669796260.65625
42.69,1669796260.671875
45.97,1669796260.6875
49.38,1669796260.703125
53.06,1669796260.71875
56.85,1669796260.734375
60.39,1669796260.75
63.28,1669796260.765625
65.25,1669796260.78125
66.21,1669796260.796875
66.34,1669796260.8125
66.0,1669796260.828125
65.66,1669796260.84375
65.74,1669796260.859375
66.37,1669796260.875
67.39,1669796260.890625
68.29,1669796260.90625
68.53,1669796260.921875
67.73,1669796260.9375
65.85,1669796260.953125
63.21,1669796260.96875
60.3,1669796260.984375
57.5,1669796261.0
54.94,1669796261.015625
52.47,1669796261.03125
49.77,1669796261.046875
46.6,1669796261.0625
42.88,1669796261.078125
38.75,1669796261.09375
34.54,1669796261.109375
30.56,1669796261.125
27.09,1669796261.140625
24.18,1669796261.15625
21.69,1669796261.171875
19.3,1669796261.1875
16.59,1669796261.203125
13.22,1669796261.21875
9.05,1669796261.234375
4.22,1669796261.25
-0.89,1669796261.265625
-5.79,1669796261.28125
-10.11,1669796261.296875
-13.77,1669796261.3125
-17.06,1669796261.328125
-20.57,1669796261.34375
-24.94,1669796261.359375
-30.67,1669796261.375
-37.81,1669796261.390625
-46.06,1669796261.40625
-54.8,1669796261.421875
-63.33,1669796261.4375
-71.15,1669796261.453125
-78.1,1669796261.46875
-84.44,1669796261.484375
-90.85,1669796261.5
-98.29,1669796261.515625
-107.71,1669796261.53125
-119.61,1669796261.546875
-133.47,1669796261.5625
-147.45,1669796261.578125
-158.49,1669796261.59375
-163.1,1669796261.609375
-158.4,1669796261.625
-143.25,1669796261.640625
-118.76,1669796261.65625
-88.02,1669796261.671875
-55.14,1669796261.6875
-24.0,1669796261.703125
2.71,1669796261.71875
23.85,1669796261.734375
39.58,1669796261.75
50.82,1669796261.765625
58.71,1669796261.78125
64.31,1669796261.796875
68.47,1669796261.8125
71.84,1669796261.828125
74.86,1669796261.84375
77.73,1669796261.859375
80.37,1669796261.875
82.56,1669796261.890625
84.03,1669796261.90625
84.63,1669796261.921875
84.42,1669796261.9375
83.73,1669796261.953125
83.01,1669796261.96875
82.77,1669796261.984375
83.31,1669796262.0
84.64,1669796262.015625
86.39,1669796262.03125
87.93,1669796262.046875
88.55,1669796262.0625
87.73,1669796262.078125
85.33,1669796262.09375
81.58,1669796262.109375
76.97,1669796262.125
72.03,1669796262.140625
67.17,1669796262.15625
62.58,1669796262.171875
58.27,1669796262.1875
54.15,1669796262.203125
50.1,1669796262.21875
46.02,1669796262.234375
41.85,1669796262.25
37.56,1669796262.265625
33.19,1669796262.28125
28.85,1669796262.296875
24.71,1669796262.3125
20.92,1669796262.328125
17.59,1669796262.34375
14.69,1669796262.359375
12.06,1669796262.375
9.4,1669796262.390625
6.42,1669796262.40625
2.83,1669796262.421875
-1.41,1669796262.4375
-6.15,1669796262.453125
-11.01,1669796262.46875
-15.6,1669796262.484375
-19.72,1669796262.5
-23.47,1669796262.515625
-27.29,1669796262.53125
-31.74,1669796262.546875
-37.31,1669796262.5625
-44.15,1669796262.578125
-51.97,1669796262.59375
-60.18,1669796262.609375
-68.05,1669796262.625
-75.07,1669796262.640625
-81.11,1669796262.65625
-86.48,1669796262.671875
-91.91,1669796262.6875
-98.44,1669796262.703125
-107.03,1669796262.71875
-118.26,1669796262.734375
-131.79,1669796262.75
-145.97,1669796262.765625
-157.93,1669796262.78125
-164.11,1669796262.796875
-161.34,1669796262.8125
-147.99,1669796262.828125
-124.63,1669796262.84375
-94.05,1669796262.859375
-60.37,1669796262.875
-27.8,1669796262.890625
0.48,1669796262.90625
22.87,1669796262.921875
39.25,1669796262.9375
50.46,1669796262.953125
57.71,1669796262.96875
62.19,1669796262.984375
64.96,1669796263.0
66.9,1669796263.015625
68.69,1669796263.03125
70.68,1669796263.046875
72.9,1669796263.0625
75.06,1669796263.078125
76.69,1669796263.09375
77.48,1669796263.109375
77.38,1669796263.125
76.73,1669796263.140625
76.08,1669796263.15625
76.0,1669796263.171875
76.82,1669796263.1875
78.52,1669796263.203125
80.77,1669796263.21875
83.02,1669796263.234375
84.68,1669796263.25
85.28,1669796263.265625
84.53,1669796263.28125
82.32,1669796263.296875
78.84,1669796263.3125
74.45,1669796263.328125
69.65,1669796263.34375
64.98,1669796263.359375
60.82,1669796263.375
57.26,1669796263.390625
54.13,1669796263.40625
51.08,1669796263.421875
47.77,1669796263.4375
44.02,1669796263.453125
39.87,1669796263.46875
35.54,1669796263.484375
31.35,1669796263.5
27.57,1669796263.515625
24.34,1669796263.53125
21.68,1669796263.546875
19.41,1669796263.5625
17.28,1669796263.578125
14.93,1669796263.59375
12.03,1669796263.609375
8.37,1669796263.625
3.91,1669796263.640625
-1.16,1669796263.65625
-6.52,1669796263.671875
-11.89,1669796263.6875
-17.14,1669796263.703125
-22.4,1669796263.71875
-28.01,1669796263.734375
-34.34,1669796263.75
-41.61,1669796263.765625
-49.69,1669796263.78125
-58.17,1669796263.796875
-66.44,1669796263.8125
-73.92,1669796263.828125
-80.29,1669796263.84375
-85.58,1669796263.859375
-90.23,1669796263.875
-95.02,1669796263.890625
-100.96,1669796263.90625
-109.01,1669796263.921875
-119.63,1669796263.9375
-132.28,1669796263.953125
-145.08,1669796263.96875
-154.98,1669796263.984375
-158.4,1669796264.0
-152.49,1669796264.015625
-136.11,1669796264.03125
-110.49,1669796264.046875
-78.85,1669796264.0625
-45.45,1669796264.078125
-14.27,1669796264.09375
12.0,1669796264.109375
32.27,1669796264.125
46.78,1669796264.140625
56.5,1669796264.15625
62.63,1669796264.171875
66.2,1669796264.1875
68.11,1669796264.203125
69.06,1669796264.21875
69.58,1669796264.234375
69.92,1669796264.25
70.13,1669796264.265625
70.02,1669796264.28125
69.39,1669796264.296875
68.11,1669796264.3125
66.32,1669796264.328125
64.36,1669796264.34375
62.7,1669796264.359375
61.85,1669796264.375
62.1,1669796264.390625
63.46,1669796264.40625
65.53,1669796264.421875
67.63,1669796264.4375
68.95,1669796264.453125
68.88,1669796264.46875
67.18,1669796264.484375
64.06,1669796264.5
60.08,1669796264.515625
55.85,1669796264.53125
51.81,1669796264.546875
48.07,1669796264.5625
44.47,1669796264.578125
40.69,1669796264.59375
36.49,1669796264.609375
31.8,1669796264.625
26.77,1669796264.640625
21.73,1669796264.65625
17.02,1669796264.671875
12.94,1669796264.6875
9.56,1669796264.703125
6.7,1669796264.71875
3.96,1669796264.734375
0.87,1669796264.75
-2.91,1669796264.765625
-7.42,1669796264.78125
-12.32,1669796264.796875
-17.07,1669796264.8125
-21.22,1669796264.828125
-24.68,1669796264.84375
-27.77,1669796264.859375
-31.17,1669796264.875
-35.53,1669796264.890625
-41.2,1669796264.90625
-48.05,1669796264.921875
-55.51,1669796264.9375
-62.87,1669796264.953125
-69.47,1669796264.96875
-75.02,1669796264.984375
-79.63,1669796265.0
-83.82,1669796265.015625
-88.49,1669796265.03125
-94.67,1669796265.046875
-103.24,1669796265.0625
-114.41,1669796265.078125
-127.22,1669796265.09375
-139.27,1669796265.109375
-147.21,1669796265.125
-147.54,1669796265.140625
-137.96,1669796265.15625
-118.26,1669796265.171875
-90.58,1669796265.1875
-58.7,1669796265.203125
-26.84,1669796265.21875
1.58,1669796265.234375
24.72,1669796265.25
42.11,1669796265.265625
54.29,1669796265.28125
62.06,1669796265.296875
66.2,1669796265.3125
67.41,1669796265.328125
66.48,1669796265.34375
64.36,1669796265.359375
62.11,1669796265.375
60.66,1669796265.390625
60.59,1669796265.40625
62.07,1669796265.421875
64.91,1669796265.4375
68.73,1669796265.453125
73.15,1669796265.46875
77.96,1669796265.484375
83.2,1669796265.5
89.03,1669796265.515625
95.57,1669796265.53125
102.64,1669796265.546875
109.62,1669796265.5625
115.5,1669796265.578125
119.18,1669796265.59375
119.88,1669796265.609375
117.54,1669796265.625
112.86,1669796265.640625
107.19,1669796265.65625
102.15,1669796265.671875
99.25,1669796265.6875
99.57,1669796265.703125
103.41,1669796265.71875
109.95,1669796265.734375
117.07,1669796265.75
121.45,1669796265.765625
119.46,1669796265.78125
108.24,1669796265.796875
86.99,1669796265.8125
57.4,1669796265.828125
23.24,1669796265.84375
-11.08,1669796265.859375
-42.14,1669796265.875
-68.46,1669796265.890625
-90.53,1669796265.90625
-109.83,1669796265.921875
-127.65,1669796265.9375
-144.29,1669796265.953125
-159.06,1669796265.96875
-171.01,1669796265.984375
-179.61,1669796266.0
-185.15,1669796266.015625
-188.58,1669796266.03125
-191.02,1669796266.046875
-193.22,1669796266.0625
-195.31,1669796266.078125
-196.97,1669796266.09375
-197.69,1669796266.109375
-197.2,1669796266.125
-195.64,1669796266.140625
-193.57,1669796266.15625
-191.82,1669796266.171875
-191.26,1669796266.1875
-192.64,1669796266.203125
-196.5,1669796266.21875
-203.05,1669796266.234375
-211.95,1669796266.25
-221.93,1669796266.265625
-230.6,1669796266.28125
-234.68,1669796266.296875
-230.6,1669796266.3125
-215.65,1669796266.328125
-188.95,1669796266.34375
-152.03,1669796266.359375
-108.48,1669796266.375
-63.02,1669796266.390625
-20.27,1669796266.40625
16.29,1669796266.421875
44.79,1669796266.4375
64.96,1669796266.453125
77.74,1669796266.46875
84.8,1669796266.484375
88.16,1669796266.5
89.8,1669796266.515625
91.34,1669796266.53125
93.82,1669796266.546875
97.63,1669796266.5625
102.59,1669796266.578125
108.19,1669796266.59375
113.82,1669796266.609375
118.99,1669796266.625
123.41,1669796266.640625
127.01,1669796266.65625
129.91,1669796266.671875
132.26,1669796266.6875
134.18,1669796266.703125
135.64,1669796266.71875
136.45,1669796266.734375
136.31,1669796266.75
134.94,1669796266.765625
132.24,1669796266.78125
128.34,1669796266.796875
123.54,1669796266.8125
118.23,1669796266.828125
112.7,1669796266.84375
107.14,1669796266.859375
101.6,1669796266.875
96.05,1669796266.890625
90.39,1669796266.90625
84.57,1669796266.921875
78.57,1669796266.9375
72.47,1669796266.953125
66.5,1669796266.96875
60.91,1669796266.984375
55.94,1669796267.0
51.71,1669796267.015625
48.11,1669796267.03125
44.92,1669796267.046875
41.83,1669796267.0625
38.57,1669796267.078125
34.96,1669796267.09375
30.89,1669796267.109375
26.29,1669796267.125
21.15,1669796267.140625
15.52,1669796267.15625
9.61,1669796267.171875
3.7,1669796267.1875
-1.91,1669796267.203125
-7.11,1669796267.21875
-12.02,1669796267.234375
-17.06,1669796267.25
-22.81,1669796267.265625
-29.79,1669796267.28125
-38.28,1669796267.296875
-48.2,1669796267.3125
-59.12,1669796267.328125
-70.37,1669796267.34375
-81.28,1669796267.359375
-91.34,1669796267.375
-100.37,1669796267.390625
-108.62,1669796267.40625
-116.7,1669796267.421875
-125.43,1669796267.4375
-135.47,1669796267.453125
-146.77,1669796267.46875
-158.19,1669796267.484375
-167.31,1669796267.5
-170.91,1669796267.515625
-165.99,1669796267.53125
-150.84,1669796267.546875
-125.93,1669796267.5625
-93.9,1669796267.578125
-58.81,1669796267.59375
-24.9,1669796267.609375
4.62,1669796267.625
28.13,1669796267.640625
45.53,1669796267.65625
57.66,1669796267.671875
65.74,1669796267.6875
70.89,1669796267.703125
74.01,1669796267.71875
75.83,1669796267.734375
76.9,1669796267.75
77.57,1669796267.765625
77.94,1669796267.78125
77.91,1669796267.796875
77.32,1669796267.8125
76.09,1669796267.828125
74.4,1669796267.84375
72.63,1669796267.859375
71.36,1669796267.875
71.07,1669796267.890625
72.05,1669796267.90625
74.23,1669796267.921875
77.18,1669796267.9375
80.27,1669796267.953125
82.76,1669796267.96875
84.07,1669796267.984375
83.84,1669796268.0
82.02,1669796268.015625
78.77,1669796268.03125
74.38,1669796268.046875
69.12,1669796268.0625
63.24,1669796268.078125
56.95,1669796268.09375
50.44,1669796268.109375
43.93,1669796268.125
37.63,1669796268.140625
31.69,1669796268.15625
26.14,1669796268.171875
20.79,1669796268.1875
15.37,1669796268.203125
9.6,1669796268.21875
3.37,1669796268.234375
-3.14,1669796268.25
-9.54,1669796268.265625
-15.43,1669796268.28125
-20.62,1669796268.296875
-25.26,1669796268.3125
-29.89,1669796268.328125
-35.11,1669796268.34375
-41.35,1669796268.359375
-48.6,1669796268.375
-56.43,1669796268.390625
-64.15,1669796268.40625
-71.14,1669796268.421875
-77.15,1669796268.4375
-82.36,1669796268.453125
-87.45,1669796268.46875
-93.42,1669796268.484375
-101.36,1669796268.5
-112.12,1669796268.515625
-125.76,1669796268.53125
-141.04,1669796268.546875
-155.16,1669796268.5625
-164.11,1669796268.578125
-163.66,1669796268.59375
-150.74,1669796268.609375
-124.69,1669796268.625
-87.7,1669796268.640625
-44.34,1669796268.65625
-0.24,1669796268.671875
39.56,1669796268.6875
71.79,1669796268.703125
95.43,1669796268.71875
111.35,1669796268.734375
121.48,1669796268.75
127.92,1669796268.765625
132.32,1669796268.78125
135.63,1669796268.796875
138.21,1669796268.8125
140.01,1669796268.828125
140.86,1669796268.84375
140.54,1669796268.859375
138.77,1669796268.875
135.23,1669796268.890625
129.6,1669796268.90625
121.76,1669796268.921875
112.04,1669796268.9375
101.36,1669796268.953125
91.06,1669796268.96875
82.55,1669796268.984375
76.71,1669796269.0
73.52,1669796269.015625
71.96,1669796269.03125
70.47,1669796269.046875
67.5,1669796269.0625
62.08,1669796269.078125
54.09,1669796269.09375
44.12,1669796269.109375
33.2,1669796269.125
22.41,1669796269.140625
12.72,1669796269.15625
4.78,1669796269.171875
-1.08,1669796269.1875
-5.02,1669796269.203125
-7.64,1669796269.21875
-9.94,1669796269.234375
-12.94,1669796269.25
-17.3,1669796269.265625
-23.05,1669796269.28125
-29.54,1669796269.296875
-35.77,1669796269.3125
-40.73,1669796269.328125
-43.81,1669796269.34375
-44.93,1669796269.359375
-44.55,1669796269.375
-43.53,1669796269.390625
-42.91,1669796269.40625
-43.78,1669796269.421875
-46.96,1669796269.4375
-52.73,1669796269.453125
-60.69,1669796269.46875
-69.75,1669796269.484375
-78.46,1669796269.5
-85.46,1669796269.515625
-90.01,1669796269.53125
-92.18,1669796269.546875
-92.91,1669796269.5625
-93.69,1669796269.578125
-96.1,1669796269.59375
-101.28,1669796269.609375
-109.42,1669796269.625
-119.37,1669796269.640625
-128.64,1669796269.65625
-134.03,1669796269.671875
-132.57,1669796269.6875
-122.77,1669796269.703125
-105.36,1669796269.71875
-83.31,1669796269.734375
-60.92,1669796269.75
-42.4,1669796269.765625
-30.54,1669796269.78125
-26.05,1669796269.796875
-27.71,1669796269.8125
-33.15,1669796269.828125
-39.74,1669796269.84375
-45.2,1669796269.859375
-47.9,1669796269.875
-46.86,1669796269.890625
-41.78,1669796269.90625
-33.0,1669796269.921875
-21.51,1669796269.9375
-8.8,1669796269.953125
3.55,1669796269.96875
14.25,1669796269.984375
22.73,1669796270.0
29.22,1669796270.015625
34.59,1669796270.03125
39.9,1669796270.046875
46.01,1669796270.0625
53.25,1669796270.078125
61.33,1669796270.09375
69.53,1669796270.109375
76.98,1669796270.125
82.92,1669796270.140625
86.98,1669796270.15625
89.15,1669796270.171875
89.75,1669796270.1875
89.23,1669796270.203125
88.02,1669796270.21875
86.42,1669796270.234375
84.56,1669796270.25
82.47,1669796270.265625
80.05,1669796270.28125
77.17,1669796270.296875
73.73,1669796270.3125
69.75,1669796270.328125
65.41,1669796270.34375
61.02,1669796270.359375
56.86,1669796270.375
53.06,1669796270.390625
49.46,1669796270.40625
45.55,1669796270.421875
40.67,1669796270.4375
34.28,1669796270.453125
26.19,1669796270.46875
16.63,1669796270.484375
6.2,1669796270.5
-4.55,1669796270.515625
-15.36,1669796270.53125
-26.49,1669796270.546875
-38.62,1669796270.5625
-52.48,1669796270.578125
-68.41,1669796270.59375
-86.05,1669796270.609375
-104.38,1669796270.625
-121.98,1669796270.640625
-137.62,1669796270.65625
-150.66,1669796270.671875
-161.19,1669796270.6875
-169.95,1669796270.703125
-178.12,1669796270.71875
-187.0,1669796270.734375
-197.6,1669796270.75
-210.1,1669796270.765625
-223.35,1669796270.78125
-234.57,1669796270.796875
-239.73,1669796270.8125
-234.63,1669796270.828125
-216.33,1669796270.84375
-184.45,1669796270.859375
-141.63,1669796270.875
-92.85,1669796270.890625
-43.92,1669796270.90625
0.15,1669796270.921875
36.28,1669796270.9375
63.53,1669796270.953125
82.62,1669796270.96875
95.12,1669796270.984375
102.8,1669796271.0
107.3,1669796271.015625
110.01,1669796271.03125
112.02,1669796271.046875
113.99,1669796271.0625
116.15,1669796271.078125
118.2,1669796271.09375
119.61,1669796271.109375
119.87,1669796271.125
118.74,1669796271.140625
116.46,1669796271.15625
113.65,1669796271.171875
111.1,1669796271.1875
109.51,1669796271.203125
109.25,1669796271.21875
110.19,1669796271.234375
111.83,1669796271.25
113.35,1669796271.265625
113.88,1669796271.28125
112.71,1669796271.296875
109.47,1669796271.3125
104.22,1669796271.328125
97.46,1669796271.34375
89.95,1669796271.359375
82.44,1669796271.375
75.49,1669796271.390625
69.26,1669796271.40625
63.54,1669796271.421875
57.95,1669796271.4375
52.11,1669796271.453125
45.86,1669796271.46875
39.26,1669796271.484375
32.55,1669796271.5
26.01,1669796271.515625
19.88,1669796271.53125
14.35,1669796271.546875
9.46,1669796271.5625
5.12,1669796271.578125
1.07,1669796271.59375
-3.1,1669796271.609375
-7.84,1669796271.625
-13.42,1669796271.640625
-19.79,1669796271.65625
-26.53,1669796271.671875
-33.04,1669796271.6875
-38.85,1669796271.703125
-43.87,1669796271.71875
-48.52,1669796271.734375
-53.48,1669796271.75
-59.45,1669796271.765625
-66.78,1669796271.78125
-75.33,1669796271.796875
-84.51,1669796271.8125
-93.54,1669796271.828125
-101.79,1669796271.84375
-108.9,1669796271.859375
-115.02,1669796271.875
-120.75,1669796271.890625
-127.13,1669796271.90625
-135.46,1669796271.921875
-146.83,1669796271.9375
-161.5,1669796271.953125
-178.14,1669796271.96875
-193.6,1669796271.984375
-203.35,1669796272.0
-202.71,1669796272.015625
-188.5,1669796272.03125
-160.33,1669796272.046875
-120.99,1669796272.0625
-75.64,1669796272.078125
-30.2,1669796272.09375
10.3,1669796272.109375
42.84,1669796272.125
66.58,1669796272.140625
82.36,1669796272.15625
91.9,1669796272.171875
97.09,1669796272.1875
99.68,1669796272.203125
101.01,1669796272.21875
102.05,1669796272.234375
103.22,1669796272.25
104.5,1669796272.265625
105.5,1669796272.28125
105.7,1669796272.296875
104.72,1669796272.3125
102.46,1669796272.328125
99.22,1669796272.34375
95.62,1669796272.359375
92.44,1669796272.375
90.39,1669796272.390625
89.9,1669796272.40625
90.93,1669796272.421875
92.91,1669796272.4375
94.9,1669796272.453125
95.87,1669796272.46875
95.04,1669796272.484375
92.17,1669796272.5
87.56,1669796272.515625
81.88,1669796272.53125
75.82,1669796272.546875
69.81,1669796272.5625
63.97,1669796272.578125
58.21,1669796272.59375
52.41,1669796272.609375
46.55,1669796272.625
40.72,1669796272.640625
35.04,1669796272.65625
29.53,1669796272.671875
24.14,1669796272.6875
18.87,1669796272.703125
13.76,1669796272.71875
9.05,1669796272.734375
4.9,1669796272.75
1.34,1669796272.765625
-1.91,1669796272.78125
-5.37,1669796272.796875
-9.59,1669796272.8125
-14.85,1669796272.828125
-20.97,1669796272.84375
-27.38,1669796272.859375
-33.33,1669796272.875
-38.3,1669796272.890625
-42.23,1669796272.90625
-45.65,1669796272.921875
-49.45,1669796272.9375
-54.53,1669796272.953125
-61.42,1669796272.96875
-70.03,1669796272.984375
-79.62,1669796273.0
-89.13,1669796273.015625
-97.59,1669796273.03125
-104.46,1669796273.046875
-109.88,1669796273.0625
-114.62,1669796273.078125
-119.9,1669796273.09375
-127.11,1669796273.109375
-137.31,1669796273.125
-150.75,1669796273.140625
-166.28,1669796273.15625
-181.11,1669796273.171875
-191.14,1669796273.1875
-191.91,1669796273.203125
-180.08,1669796273.21875
-154.66,1669796273.234375
-117.71,1669796273.25
-73.8,1669796273.265625
-28.71,1669796273.28125
12.28,1669796273.296875
45.66,1669796273.3125
70.13,1669796273.328125
86.27,1669796273.34375
95.68,1669796273.359375
100.24,1669796273.375
101.58,1669796273.390625
100.94,1669796273.40625
99.25,1669796273.421875
97.13,1669796273.4375
95.01,1669796273.453125
93.07,1669796273.46875
91.27,1669796273.484375
89.48,1669796273.5
87.55,1669796273.515625
85.5,1669796273.53125
83.59,1669796273.546875
82.25,1669796273.5625
81.91,1669796273.578125
82.83,1669796273.59375
84.88,1669796273.609375
87.51,1669796273.625
89.86,1669796273.640625
90.98,1669796273.65625
90.19,1669796273.671875
87.21,1669796273.6875
82.26,1669796273.703125
75.93,1669796273.71875
69.01,1669796273.734375
62.2,1669796273.75
55.93,1669796273.765625
50.34,1669796273.78125
45.24,1669796273.796875
40.31,1669796273.8125
35.23,1669796273.828125
29.82,1669796273.84375
24.15,1669796273.859375
18.47,1669796273.875
13.12,1669796273.890625
8.44,1669796273.90625
4.59,1669796273.921875
1.45,1669796273.9375
-1.38,1669796273.953125
-4.46,1669796273.96875
-8.34,1669796273.984375
-13.39,1669796274.0
-19.53,1669796274.015625
-26.32,1669796274.03125
-33.09,1669796274.046875
-39.18,1669796274.0625
-44.27,1669796274.078125
-48.54,1669796274.09375
-52.63,1669796274.109375
-57.41,1669796274.125
-63.62,1669796274.140625
-71.51,1669796274.15625
-80.81,1669796274.171875
-90.69,1669796274.1875
-100.15,1669796274.203125
-108.43,1669796274.21875
-115.25,1669796274.234375
-121.05,1669796274.25
-126.87,1669796274.265625
-134.11,1669796274.28125
-144.14,1669796274.296875
-157.67,1669796274.3125
-174.15,1669796274.328125
-191.3,1669796274.34375
-205.18,1669796274.359375
-210.97,1669796274.375
-204.37,1669796274.390625
-183.17,1669796274.40625
-148.31,1669796274.421875
-103.86,1669796274.4375
-55.79,1669796274.453125
-10.26,1669796274.46875
28.14,1669796274.484375
57.22,1669796274.5
77.14,1669796274.515625
89.55,1669796274.53125
96.62,1669796274.546875
100.37,1669796274.5625
102.36,1669796274.578125
103.73,1669796274.59375
105.2,1669796274.609375
107.05,1669796274.625
109.11,1669796274.640625
110.8,1669796274.65625
111.41,1669796274.671875
110.41,1669796274.6875
107.79,1669796274.703125
104.08,1669796274.71875
100.25,1669796274.734375
97.33,1669796274.75
96.06,1669796274.765625
96.62,1669796274.78125
98.57,1669796274.796875
101.02,1669796274.8125
102.87,1669796274.828125
103.19,1669796274.84375
101.43,1669796274.859375
97.52,1669796274.875
91.91,1669796274.890625
85.32,1669796274.90625
78.47,1669796274.921875
71.94,1669796274.9375
65.92,1669796274.953125
60.33,1669796274.96875
54.87,1669796274.984375
49.3,1669796275.0
43.6,1669796275.015625
37.96,1669796275.03125
32.68,1669796275.046875
27.96,1669796275.0625
23.78,1669796275.078125
19.9,1669796275.09375
15.98,1669796275.109375
11.81,1669796275.125
7.44,1669796275.140625
3.12,1669796275.15625
-0.87,1669796275.171875
-4.41,1669796275.1875
-7.66,1669796275.203125
-11.03,1669796275.21875
-14.91,1669796275.234375
-19.55,1669796275.25
-24.84,1669796275.265625
-30.43,1669796275.28125
-35.84,1669796275.296875
-40.8,1669796275.3125
-45.31,1669796275.328125
-49.71,1669796275.34375
-54.48,1669796275.359375
-60.06,1669796275.375
-66.66,1669796275.390625
-74.19,1669796275.40625
-82.34,1669796275.421875
-90.77,1669796275.4375
-99.27,1669796275.453125
-107.86,1669796275.46875
-116.83,1669796275.484375
-126.66,1669796275.5
-137.94,1669796275.515625
-151.27,1669796275.53125
-167.03,1669796275.546875
-184.96,1669796275.5625
-203.66,1669796275.578125
-220.31,1669796275.59375
-230.85,1669796275.609375
-230.98,1669796275.625
-217.56,1669796275.640625
-189.88,1669796275.65625
-150.29,1669796275.671875
-103.59,1669796275.6875
-55.69,1669796275.703125
-11.83,1669796275.71875
24.6,1669796275.734375
52.41,1669796275.75
72.18,1669796275.765625
85.4,1669796275.78125
93.83,1669796275.796875
99.16,1669796275.8125
102.89,1669796275.828125
106.27,1669796275.84375
110.12,1669796275.859375
114.65,1669796275.875
119.34,1669796275.890625
123.2,1669796275.90625
125.24,1669796275.921875
124.88,1669796275.9375
122.22,1669796275.953125
117.95,1669796275.96875
113.05,1669796275.984375
108.43,1669796276.0
104.64,1669796276.015625
101.79,1669796276.03125
99.61,1669796276.046875
97.57,1669796276.0625
95.06,1669796276.078125
91.6,1669796276.09375
86.95,1669796276.109375
81.25,1669796276.125
74.9,1669796276.140625
68.43,1669796276.15625
62.29,1669796276.171875
56.6,1669796276.1875
51.25,1669796276.203125
45.97,1669796276.21875
40.52,1669796276.234375
34.9,1669796276.25
29.26,1669796276.265625
23.84,1669796276.28125
18.79,1669796276.296875
14.11,1669796276.3125
9.69,1669796276.328125
5.4,1669796276.34375
1.18,1669796276.359375
-2.87,1669796276.375
-6.56,1669796276.390625
-9.69,1669796276.40625
-12.19,1669796276.421875
-14.17,1669796276.4375
-15.96,1669796276.453125
-17.96,1669796276.46875
-20.56,1669796276.484375
-23.88,1669796276.5
-27.75,1669796276.515625
-31.76,1669796276.53125
-35.51,1669796276.546875
-38.87,1669796276.5625
-42.14,1669796276.578125
-45.99,1669796276.59375
-51.25,1669796276.609375
-58.48,1669796276.625
-67.65,1669796276.640625
-78.06,1669796276.65625
-88.59,1669796276.671875
-98.07,1669796276.6875
-105.76,1669796276.703125
-111.59,1669796276.71875
-116.25,1669796276.734375
-120.96,1669796276.75
-127.27,1669796276.765625
-136.51,1669796276.78125
-149.27,1669796276.796875
-164.76,1669796276.8125
-180.41,1669796276.828125
-192.01,1669796276.84375
-194.71,1669796276.859375
-184.55,1669796276.875
-160.0,1669796276.890625
-122.84,1669796276.90625
-77.85,1669796276.921875
-31.28,1669796276.9375
11.05,1669796276.953125
45.31,1669796276.96875
70.24,1669796276.984375
86.71,1669796277.0
96.67,1669796277.015625
102.19,1669796277.03125
104.92,1669796277.046875
106.05,1669796277.0625
106.44,1669796277.078125
106.69,1669796277.09375
107.16,1669796277.109375
107.83,1669796277.125
108.36,1669796277.140625
108.28,1669796277.15625
107.27,1669796277.171875
105.35,1669796277.1875
102.99,1669796277.203125
100.87,1669796277.21875
99.68,1669796277.234375
99.79,1669796277.25
101.12,1669796277.265625
103.15,1669796277.28125
105.06,1669796277.296875
105.94,1669796277.3125
105.06,1669796277.328125
102.07,1669796277.34375
97.06,1669796277.359375
90.52,1669796277.375
83.19,1669796277.390625
75.77,1669796277.40625
68.76,1669796277.421875
62.29,1669796277.4375
56.18,1669796277.453125
50.14,1669796277.46875
43.99,1669796277.484375
37.79,1669796277.5
31.88,1669796277.515625
26.65,1669796277.53125
22.31,1669796277.546875
18.78,1669796277.5625
15.7,1669796277.578125
12.6,1669796277.59375
9.19,1669796277.609375
5.47,1669796277.625
1.69,1669796277.640625
-1.8,1669796277.65625
-4.85,1669796277.671875
-7.61,1669796277.6875
-10.5,1669796277.703125
-14.05,1669796277.71875
-18.61,1669796277.734375
-24.15,1669796277.75
-30.26,1669796277.765625
-36.3,1669796277.78125
-41.74,1669796277.796875
-46.44,1669796277.8125
-50.73,1669796277.828125
-55.36,1669796277.84375
-61.1,1669796277.859375
-68.42,1669796277.875
-77.2,1669796277.890625
-86.74,1669796277.90625
-96.05,1669796277.921875
-104.24,1669796277.9375
-110.9,1669796277.953125
-116.26,1669796277.96875
-121.12,1669796277.984375
-126.65,1669796278.0
-134.1,1669796278.015625
-144.48,1669796278.03125
-158.03,1669796278.046875
-173.65,1669796278.0625
-188.57,1669796278.078125
-198.53,1669796278.09375
-198.82,1669796278.109375
-185.8,1669796278.125
-158.47,1669796278.140625
-119.16,1669796278.15625
-73.02,1669796278.171875
-26.41,1669796278.1875
15.04,1669796278.203125
47.85,1669796278.21875
71.14,1669796278.234375
85.96,1669796278.25
94.26,1669796278.265625
98.03,1669796278.28125
98.85,1669796278.296875
97.97,1669796278.3125
96.41,1669796278.328125
95.02,1669796278.34375
94.35,1669796278.359375
94.47,1669796278.375
95.07,1669796278.390625
95.62,1669796278.40625
95.68,1669796278.421875
95.16,1669796278.4375
94.3,1669796278.453125
93.64,1669796278.46875
93.64,1669796278.484375
94.56,1669796278.5
96.22,1669796278.515625
98.06,1669796278.53125
99.28,1669796278.546875
99.13,1669796278.5625
97.16,1669796278.578125
93.32,1669796278.59375
87.97,1669796278.609375
81.65,1669796278.625
74.89,1669796278.640625
68.01,1669796278.65625
